City_ID,City,Country,Max Temp,Current Description,Lat,Lng,Hotel Name
0,Mataura,NZ,44.49,overcast clouds,-46.1927,168.8643,
1,Namibe,AO,70.86,overcast clouds,-15.1961,12.1522,
2,Sayyan,YE,59.77,overcast clouds,15.1718,44.3244,
3,Tiksi,RU,5.36,overcast clouds,71.6872,128.8694,
4,Sussex,US,44.69,overcast clouds,41.1834,-74.6663,
5,Thai Binh,VN,63.52,broken clouds,20.45,106.3333,
7,Bredasdorp,ZA,62.76,broken clouds,-34.5322,20.0403,
8,East London,ZA,73.02,overcast clouds,-33.0153,27.9116,
9,Maningrida,AU,77.13,broken clouds,-12.0667,134.2667,
10,Mareeba,AU,71.44,few clouds,-17.0,145.4333,
11,Kununurra,AU,66.18,scattered clouds,-15.7667,128.7333,
12,Cape Town,ZA,66.11,clear sky,-33.9258,18.4232,
13,Antofagasta,CL,72.21,clear sky,-23.65,-70.4,
14,Watsa,CD,66.09,moderate rain,3.0372,29.5355,
15,Tongliao,CN,50.47,clear sky,43.6125,122.2653,
16,Pastavy,BY,29.23,broken clouds,55.1168,26.8326,
17,Saldanha,ZA,59.05,clear sky,-33.0117,17.9442,
18,Jamestown,US,33.53,overcast clouds,42.097,-79.2353,
19,Brae,GB,46.8,overcast clouds,60.3964,-1.353,
20,Svetlogorsk,BY,29.46,overcast clouds,52.6333,29.7333,
21,San Cristobal,VE,82.58,scattered clouds,7.7669,-72.225,
22,Acarau,BR,81.82,moderate rain,-2.8856,-40.12,
23,Saint-Philippe,RE,74.79,moderate rain,-21.3585,55.7679,
24,Ushuaia,AR,38.86,light rain,-54.8,-68.3,
25,Severo-Kurilsk,RU,29.57,few clouds,50.6789,156.125,
26,Albany,US,41.88,moderate rain,42.6001,-73.9662,
28,Melito Di Porto Salvo,IT,56.23,overcast clouds,37.9222,15.7714,
29,Hilo,US,78.53,overcast clouds,19.7297,-155.09,
30,Leh,IN,24.93,scattered clouds,34.1667,77.5833,
31,Broome,US,41.14,overcast clouds,42.2506,-75.833,
32,Hermanus,ZA,62.8,light rain,-34.4187,19.2345,
33,Busselton,AU,63.01,scattered clouds,-33.65,115.3333,
34,Rikitea,PF,76.64,broken clouds,-23.1203,-134.9692,
36,Rajshahi,BD,80.71,clear sky,24.3667,88.6,
37,Shawinigan,CA,43.32,overcast clouds,46.5668,-72.7491,
38,Dublin,US,79.43,clear sky,37.7021,-121.9358,
39,Bluff,NZ,56.73,overcast clouds,-46.6,168.3333,
40,Vaini,TO,73.56,light intensity shower rain,-21.2,-175.2,
41,Puerto Ayora,EC,85.96,light rain,-0.7393,-90.3518,
42,Mar Del Plata,AR,75.22,scattered clouds,-38.0023,-57.5575,
43,Torbay,CA,41.88,few clouds,47.6666,-52.7314,
45,Inta,RU,22.35,overcast clouds,66.0317,60.1659,
46,Upernavik,GL,20.19,scattered clouds,72.7868,-56.1549,
47,Fort Nelson,CA,26.19,broken clouds,58.8053,-122.7002,
48,Narsaq,GL,46.62,overcast clouds,60.9167,-46.05,
49,Kavieng,PG,80.73,light rain,-2.5744,150.7967,
50,Pundaguitan,PH,80.76,overcast clouds,6.3711,126.1689,
51,Vila,PT,41.88,few clouds,42.0304,-8.1588,
52,Urucui,BR,83.8,overcast clouds,-7.2294,-44.5561,
53,Fortuna,US,55.92,few clouds,40.5982,-124.1573,
54,Punta Arenas,CL,41.11,light intensity shower rain,-53.15,-70.9167,
55,Ouegoa,NC,80.01,overcast clouds,-20.35,164.4333,
56,Chuy,UY,72.66,moderate rain,-33.6971,-53.4616,
57,Zharkovskiy,RU,25.0,overcast clouds,55.849,32.2697,
58,Cidreira,BR,69.55,heavy intensity rain,-30.1811,-50.2056,
60,Hithadhoo,MV,83.37,broken clouds,-0.6,73.0833,
61,Yulara,AU,60.22,clear sky,-25.2406,130.9889,
62,Atuona,PF,79.77,overcast clouds,-9.8,-139.0333,
63,Provideniya,RU,1.09,clear sky,64.3833,-173.3,
64,Ilulissat,GL,30.22,broken clouds,69.2167,-51.1,
65,Eirunepe,BR,85.24,overcast clouds,-6.6603,-69.8736,
66,Palmer,US,52.41,overcast clouds,42.1584,-72.3287,
67,Iberia,US,82.06,clear sky,29.9502,-91.7507,
68,Nikolskoye,RU,30.7,scattered clouds,59.7035,30.7861,
69,Nanortalik,GL,38.7,overcast clouds,60.1432,-45.2371,
70,Balclutha,NZ,43.38,overcast clouds,-46.2339,169.75,
71,Kisangani,CD,72.34,light rain,0.5167,25.2,
72,Clyde River,CA,12.43,broken clouds,70.4692,-68.5914,
73,Caravelas,BR,82.31,clear sky,-17.7125,-39.2481,
74,Magdagachi,RU,24.51,few clouds,53.45,125.8,
75,Olinda,BR,83.93,scattered clouds,-8.0089,-34.8553,
76,Avarua,CK,77.05,few clouds,-21.2078,-159.775,
77,Belyy Yar,RU,36.86,scattered clouds,53.6039,91.3903,
78,Yellowknife,CA,19.42,broken clouds,62.456,-114.3525,
79,Halifax,CA,51.69,overcast clouds,44.6453,-63.5724,
80,Arraial Do Cabo,BR,82.36,scattered clouds,-22.9661,-42.0278,
81,Arman,RU,3.47,few clouds,59.7,150.1667,
83,Moba,CN,43.0,overcast clouds,33.2288,105.0179,
84,Roswell,US,70.5,clear sky,34.0232,-84.3616,
85,Talnakh,RU,0.72,overcast clouds,69.4865,88.3972,
86,Gornopravdinsk,RU,33.04,light snow,60.05,69.9,
87,Zaranj,AF,69.76,clear sky,30.9667,61.8833,
88,Aykhal,RU,5.04,overcast clouds,66.0,111.5,
89,Georgetown,MY,78.73,few clouds,5.4112,100.3354,
90,Tasiilaq,GL,30.36,overcast clouds,65.6145,-37.6368,
91,Hobart,AU,57.06,overcast clouds,-42.8794,147.3294,
92,Lebu,CL,57.34,clear sky,-37.6167,-73.65,
93,Castro,BR,73.6,broken clouds,-24.7911,-50.0119,
94,Khash,IR,68.97,clear sky,28.2211,61.2158,
95,Carnarvon,AU,77.07,scattered clouds,-24.8667,113.6333,
96,Butaritari,KI,81.21,overcast clouds,3.0707,172.7902,
97,Grindavik,IS,41.47,broken clouds,63.8424,-22.4338,
98,Namatanai,PG,78.39,light rain,-3.6667,152.4333,
99,Kargasok,RU,20.16,overcast clouds,59.0556,80.8572,
100,Faya,SA,66.31,broken clouds,18.3851,42.4509,
101,Krasnokamensk,RU,30.67,broken clouds,50.0979,118.0369,
102,Moron,AR,71.06,overcast clouds,-34.6534,-58.6198,
103,Qaanaaq,GL,14.76,overcast clouds,77.484,-69.3632,
104,Oriximina,BR,78.39,overcast clouds,-1.7656,-55.8661,
105,Dangriga,BZ,83.57,clear sky,16.9692,-88.2321,
106,Bethel,US,43.02,light rain,41.3712,-73.414,
108,Hope,US,78.85,clear sky,33.6671,-93.5916,
109,Cockburn Town,TC,82.36,scattered clouds,21.4612,-71.1419,
110,Begowal,IN,72.95,clear sky,31.6167,75.5167,
111,Matara,LK,77.49,few clouds,5.9485,80.5353,
112,Barinas,VE,84.24,overcast clouds,8.6226,-70.2075,
113,Aitape,PG,77.2,overcast clouds,-3.1374,142.3475,
114,Westport,US,44.58,overcast clouds,41.1415,-73.3579,
115,Beloha,MG,71.96,clear sky,-25.1667,45.05,
116,Challapata,BO,55.44,scattered clouds,-18.9,-66.7667,
117,Cap Malheureux,MU,79.47,few clouds,-19.9842,57.6142,
118,Sur,OM,82.4,few clouds,22.5667,59.5289,
119,Hasaki,JP,48.29,light rain,35.7333,140.8333,
120,Wenatchee,US,58.66,clear sky,47.4235,-120.3103,
121,Sangar,RU,4.53,overcast clouds,63.9242,127.4739,
122,Yanam,IN,76.26,few clouds,16.7333,82.2167,
123,Sistranda,NO,31.96,light snow,63.7256,8.834,
124,Praia Da Vitoria,PT,63.75,few clouds,38.7333,-27.0667,
125,New Norfolk,AU,56.7,overcast clouds,-42.7826,147.0587,
126,Hamilton,US,56.98,scattered clouds,39.1834,-84.5333,
128,Vao,NC,79.2,overcast clouds,-22.6667,167.4833,
129,Ixtapa,MX,78.03,clear sky,20.7,-105.2,
130,Hede,CN,41.16,clear sky,33.7681,120.2517,
131,Lagoa,PT,59.11,clear sky,39.05,-27.9833,
133,Ponta Do Sol,PT,62.71,overcast clouds,32.6667,-17.1,
134,Kapaa,US,76.98,scattered clouds,22.0752,-159.319,
135,Axim,GH,82.09,overcast clouds,4.8699,-2.2405,
136,Guerrero Negro,MX,65.19,scattered clouds,27.9769,-114.0611,
137,Fort-Shevchenko,KZ,51.44,overcast clouds,44.5086,50.263,
138,Lamar,US,80.51,clear sky,33.6668,-95.5836,
139,Port Elizabeth,ZA,64.09,clear sky,-33.918,25.5701,
140,Kahului,US,78.82,scattered clouds,20.8947,-156.47,
141,Sao Filipe,CV,70.81,clear sky,14.8961,-24.4956,
142,Trairi,BR,80.74,scattered clouds,-3.2778,-39.2689,
143,Nuevitas,CU,90.43,few clouds,21.5453,-77.2644,
144,Wanning,CN,66.38,overcast clouds,18.8003,110.3967,
145,Villa Maria,AR,72.82,clear sky,-32.4075,-63.2402,
146,Vila Velha,BR,84.15,scattered clouds,-20.3297,-40.2925,
147,Avera,US,73.45,clear sky,33.194,-82.5271,
148,Makakilo City,US,77.32,few clouds,21.3469,-158.0858,
149,Katsuura,JP,48.22,moderate rain,35.1333,140.3,
150,Wasilla,US,39.22,few clouds,61.5814,-149.4394,
151,Kaitangata,NZ,45.9,overcast clouds,-46.2817,169.8464,
152,Bilma,NE,88.63,clear sky,18.6853,12.9164,
153,Kodinsk,RU,4.35,broken clouds,58.6881,99.1844,
154,Vardo,NO,24.78,light snow,70.3705,31.1107,
155,Oistins,BB,84.29,few clouds,13.0667,-59.5333,
156,Lahaina,US,78.8,few clouds,20.8783,-156.6825,
157,Te Anau,NZ,44.91,scattered clouds,-45.4167,167.7167,
158,Port Alfred,ZA,69.19,overcast clouds,-33.5906,26.891,
159,Ribeira Grande,PT,64.8,few clouds,38.5167,-28.7,
160,Lotofaga,WS,78.58,scattered clouds,-13.9764,-171.8578,
161,Gaurela,IN,76.35,clear sky,22.75,81.9,
162,Cuamba,MZ,69.93,light rain,-14.8031,36.5372,
163,Flinders,AU,60.39,clear sky,-34.5833,150.8552,
164,Poronaysk,RU,39.43,scattered clouds,49.2167,143.1167,
165,Maldonado,UY,74.59,scattered clouds,-34.6667,-54.9167,
167,Malakal,SS,91.29,overcast clouds,9.5334,31.6605,
169,Shyryayeve,UA,39.74,overcast clouds,47.3805,30.1964,
170,Takaka,NZ,61.56,clear sky,-40.85,172.8,
171,Whitianga,NZ,60.57,clear sky,-36.8333,175.7,
172,Asau,RO,33.28,light snow,46.4333,26.4,
173,Broken Hill,AU,58.8,clear sky,-31.95,141.4333,
174,Abong Mbang,CM,75.29,broken clouds,3.9833,13.1833,
175,Cedar City,US,57.4,clear sky,37.6775,-113.0619,
176,Mahebourg,MU,79.25,broken clouds,-20.4081,57.7,
177,Bourail,NC,77.47,overcast clouds,-21.5667,165.4833,
178,Shumskiy,RU,24.67,light snow,54.8318,99.1328,
179,Airai,TL,57.18,few clouds,-8.9266,125.4092,
180,Anchorage,US,39.27,clear sky,61.2181,-149.9003,
181,Rairangpur,IN,78.01,clear sky,22.2676,86.1751,
182,Boca Do Acre,BR,90.99,broken clouds,-8.7522,-67.3978,
183,Diego De Almagro,CL,80.31,clear sky,-26.3667,-70.05,
184,Tanout,NE,87.87,overcast clouds,14.9709,8.8879,
185,Bara,NG,88.92,overcast clouds,10.3744,10.7288,
187,Huntsville,US,66.15,clear sky,34.7304,-86.5861,
188,Batticaloa,LK,79.65,clear sky,7.7102,81.6924,
189,Moctezuma,MX,81.99,few clouds,29.8,-109.6667,
190,Camacupa,AO,63.28,overcast clouds,-12.0167,17.4833,
191,Pangnirtung,CA,23.0,overcast clouds,66.1451,-65.7125,
192,Burnie,AU,58.87,broken clouds,-41.0667,145.9167,
194,Bambous Virieux,MU,79.21,broken clouds,-20.3428,57.7575,
195,Alice Springs,AU,51.35,clear sky,-23.7,133.8833,
196,Cayenne,GF,83.08,broken clouds,4.9333,-52.3333,
197,Pinos,MX,74.37,overcast clouds,22.3,-101.5667,
198,Nantucket,US,48.31,overcast clouds,41.2835,-70.0995,
201,Xuddur,SO,85.35,scattered clouds,4.1213,43.8894,
202,Kidal,ML,93.99,clear sky,18.4411,1.4078,
203,Severnyy,RU,33.84,broken clouds,50.677,36.5532,
204,Caxito,AO,76.75,broken clouds,-8.5785,13.6643,
205,Pisco,PE,73.45,clear sky,-13.7,-76.2167,
206,Ca Mau,VN,77.43,overcast clouds,9.1769,105.15,
207,Thompson,CA,37.56,overcast clouds,55.7435,-97.8558,
208,Prince Rupert,CA,42.89,broken clouds,54.3161,-130.3201,
209,Bonthe,SL,80.35,light rain,7.5264,-12.505,
210,Santa Helena De Goias,BR,85.39,scattered clouds,-17.8136,-50.5969,
211,Weyburn,CA,44.82,broken clouds,49.6668,-103.8511,
212,Gold Coast,AU,70.25,scattered clouds,-28.0,153.4333,
213,Wattegama,LK,74.32,clear sky,6.7989,81.4808,
214,Luanda,AO,80.6,broken clouds,-8.8368,13.2343,
215,Iracoubo,GF,80.13,scattered clouds,5.4802,-53.2011,
216,San Vicente,AR,78.94,overcast clouds,-26.6167,-54.1333,
217,Kungurtug,RU,27.16,overcast clouds,50.5994,97.5228,
218,Oytal,KZ,56.19,clear sky,42.9057,73.2697,
219,Alekseyevskoye,RU,37.92,overcast clouds,55.3071,50.1135,
220,Meulaboh,ID,74.26,overcast clouds,4.1363,96.1285,
221,Bengkulu,ID,76.95,overcast clouds,-3.8004,102.2655,
222,Mao,ES,46.96,few clouds,39.8885,4.2658,
223,Pran Buri,TH,75.97,overcast clouds,12.3847,99.9098,
224,Makurdi,NG,92.23,overcast clouds,7.7411,8.5121,
225,Conceicao Da Feira,BR,82.11,few clouds,-12.5058,-38.9986,
226,Nueva Gorgona,PA,94.21,overcast clouds,8.55,-79.8667,
227,Kloulklubed,PW,75.7,overcast clouds,7.0419,134.2556,
228,Foam Lake,CA,37.42,overcast clouds,51.65,-103.5343,
229,Saurimo,AO,66.56,overcast clouds,-9.6608,20.3916,
230,Troitsko-Pechorsk,RU,25.09,snow,62.7084,56.1964,
231,Ubatuba,BR,77.72,broken clouds,-23.4339,-45.0711,
232,Vytegra,RU,17.06,broken clouds,61.0064,36.4481,
233,Minas De Barroteran,MX,85.64,scattered clouds,27.6333,-101.2833,
234,Patiya,BD,73.99,clear sky,22.2931,91.9762,
235,Port Blair,IN,82.44,mist,11.6667,92.75,
236,Iqaluit,CA,26.33,broken clouds,63.7506,-68.5145,
237,Bam,IR,77.47,few clouds,29.106,58.357,
238,Coahuayana,MX,85.55,overcast clouds,18.7333,-103.6833,
239,Aguimes,ES,65.03,broken clouds,27.9054,-15.4461,
241,Klaksvik,FO,45.52,overcast clouds,62.2266,-6.589,
242,Mayo,US,59.5,broken clouds,38.8876,-76.5119,
243,Shadegan,IR,76.95,overcast clouds,30.6497,48.6647,
244,Port Dickson,MY,79.02,light rain,2.5228,101.7959,
245,Kendallville,US,48.49,overcast clouds,41.4414,-85.265,
246,Dingle,PH,75.78,overcast clouds,10.9995,122.6711,
247,Marzuq,YE,70.81,clear sky,14.4,46.4667,
248,Saint-Pierre,RE,74.88,light rain,-21.3393,55.4781,
249,Geraldton,AU,72.01,broken clouds,-28.7667,114.6,
250,Tetouan,MA,56.17,broken clouds,35.5711,-5.3724,
251,Nola,IT,51.66,overcast clouds,40.922,14.5329,
253,Shihezi,CN,56.66,clear sky,44.3,86.0333,
254,Kota Kinabalu,MY,75.18,few clouds,5.9749,116.0724,
255,Mount Gambier,AU,46.31,mist,-37.8333,140.7667,
256,Luwuk,ID,78.24,overcast clouds,-0.9516,122.7875,
257,Mehamn,NO,28.31,overcast clouds,71.0357,27.8492,
258,Rapid City,US,56.41,clear sky,44.0805,-103.231,
259,Yumen,CN,47.41,clear sky,40.2833,97.2,
260,Mazagao,BR,78.85,heavy intensity rain,-0.115,-51.2894,
261,Chapais,CA,38.98,overcast clouds,49.7834,-74.8492,
262,Ushirombo,TZ,67.86,broken clouds,-3.4919,31.9639,
263,Hammerfest,NO,25.25,scattered clouds,70.6634,23.6821,
264,Gambo,CF,73.54,scattered clouds,4.6482,22.2633,
265,Manta,EC,80.38,scattered clouds,-0.95,-80.7333,
266,Kaseda,JP,52.07,clear sky,31.4167,130.3167,
267,Huejuquilla El Alto,MX,85.32,scattered clouds,22.6,-103.8667,
268,Ellisras,ZA,71.08,overcast clouds,-23.6649,27.7443,
269,Kailua,US,78.78,overcast clouds,21.4022,-157.7394,
270,Teguldet,RU,13.46,overcast clouds,57.3064,88.1667,
271,Hvide Sande,DK,42.1,overcast clouds,56.0045,8.1294,
272,Hadgaon,IN,89.58,broken clouds,19.5,77.6667,
273,College,US,19.08,broken clouds,64.8569,-147.8028,
274,Xiashi,CN,48.22,broken clouds,30.5363,120.6864,
275,Uvinza,TZ,67.01,broken clouds,-5.1036,30.3911,
276,Alugan,PH,78.69,broken clouds,12.2188,125.4808,
277,Rio Grande,BR,66.31,overcast clouds,-32.035,-52.0986,
278,Alofi,NU,75.09,overcast clouds,-19.0595,-169.9187,
279,Victoria,HK,65.25,clear sky,22.2855,114.1577,
280,Zhanaozen,KZ,56.41,broken clouds,43.3,52.8,
281,Ostrovnoy,RU,17.06,overcast clouds,68.0531,39.5131,
282,Richards Bay,ZA,74.7,overcast clouds,-28.783,32.0377,
283,Salym,RU,31.26,snow,60.0625,71.4789,
284,Arroyos Y Esteros,PY,87.55,overcast clouds,-25.0667,-57.1,
285,Mbandaka,CD,74.82,overcast clouds,0.0487,18.2603,
286,Codrington,AU,58.42,overcast clouds,-38.2667,141.9667,
287,Yeppoon,AU,69.58,scattered clouds,-23.1333,150.7333,
288,Riberalta,BO,86.2,broken clouds,-10.9833,-66.1,
289,Isangel,VU,79.5,overcast clouds,-19.55,169.2667,
290,Evensk,RU,3.58,scattered clouds,61.95,159.2333,
291,Colac,AU,55.83,broken clouds,-38.3333,143.5833,
292,Ola,RU,4.14,scattered clouds,59.5833,151.2833,
293,Kama,RU,39.25,overcast clouds,56.3051,54.0936,
294,Sitka,US,39.09,moderate rain,57.0531,-135.33,
295,Hue,VN,64.51,broken clouds,16.4667,107.6,
296,Cooma,AU,53.37,moderate rain,-36.2333,149.1333,
297,Lyuban,BY,27.68,overcast clouds,52.7985,28.0048,
298,Usinsk,RU,18.57,overcast clouds,65.9939,57.5281,
299,Sompeta,IN,78.1,few clouds,18.9333,84.6,
300,Ajdabiya,LY,79.16,clear sky,30.7554,20.2263,
301,Bluefields,NI,87.87,broken clouds,12.0137,-83.7635,
302,Portland,US,54.61,overcast clouds,45.5234,-122.6762,
303,Canoinhas,BR,69.91,overcast clouds,-26.1772,-50.39,
304,Beisfjord,NO,24.85,overcast clouds,68.3751,17.5988,
305,Bani,DO,85.44,few clouds,18.2833,-70.3333,
306,Sheltozero,RU,22.33,overcast clouds,61.3667,35.3667,
307,Ankang,CN,61.23,overcast clouds,32.68,109.0172,
308,Nayoro,JP,31.66,clear sky,44.3506,142.4578,
309,Phan Thiet,VN,76.96,overcast clouds,10.9333,108.1,
310,Wollongong,AU,60.26,clear sky,-34.4333,150.8833,
311,Kemi,FI,17.37,few clouds,65.8596,24.8228,
312,Corrientes,AR,76.96,overcast clouds,-27.4806,-58.8341,
313,Dourbali,TD,92.08,overcast clouds,11.8091,15.8632,
314,Arlit,NE,92.25,clear sky,18.7369,7.3853,
315,Vila Franca Do Campo,PT,61.21,few clouds,37.7167,-25.4333,
316,Villa Carlos Paz,AR,75.06,clear sky,-31.4241,-64.4978,
317,Mayumba,GA,78.24,broken clouds,-3.432,10.6554,
318,Alta Floresta,BR,80.42,light rain,-9.8756,-56.0861,
320,Ormara,PK,77.61,clear sky,25.2088,64.6357,
321,Kochevo,RU,37.76,overcast clouds,59.5994,54.3125,
322,Muhos,FI,15.58,broken clouds,64.808,25.9931,
324,Sabha,LY,83.39,clear sky,27.0377,14.4283,
325,Norsup,VU,76.91,overcast clouds,-16.0667,167.3833,
326,Bathsheba,BB,84.81,few clouds,13.2167,-59.5167,
327,Thinadhoo,MV,83.1,clear sky,0.5333,72.9333,
328,Ahipara,NZ,61.92,clear sky,-35.1667,173.1667,
329,San Carlos De Bariloche,AR,51.55,few clouds,-41.1456,-71.3082,
330,Baiyin,CN,46.92,broken clouds,36.5583,104.2081,
331,Manzini,SZ,72.72,light rain,-26.25,31.5,
333,Hay River,CA,35.58,scattered clouds,60.8156,-115.7999,
334,Ruy Barbosa,BR,85.77,overcast clouds,-12.2839,-40.4939,
335,Saint-Augustin,CA,36.45,broken clouds,51.226,-58.6502,
336,Vologda,RU,18.3,few clouds,59.2187,39.8886,
337,Farah,AF,67.98,clear sky,32.5,62.5,
338,Bonavista,CA,36.99,overcast clouds,48.6499,-53.1147,
339,Tyler,US,81.63,scattered clouds,32.3513,-95.3011,
340,Dzaoudzi,YT,82.29,overcast clouds,-12.7887,45.2699,
341,Tuatapere,NZ,46.18,broken clouds,-46.1333,167.6833,
342,Whitehorse,CA,37.09,shower rain,60.7161,-135.0538,
343,Lorengau,PG,80.1,overcast clouds,-2.0226,147.2712,
344,Cabo San Lucas,MX,77.61,clear sky,22.8909,-109.9124,
345,Port Lincoln,AU,59.18,clear sky,-34.7333,135.8667,
346,Fare,PF,81.73,broken clouds,-16.7,-151.0167,
347,Botro,CI,83.97,overcast clouds,7.8525,-5.3106,
348,Yuksekova,TR,39.6,overcast clouds,37.5736,44.2872,
349,Port Hawkesbury,CA,45.91,clear sky,45.6169,-61.3485,
350,Srivardhan,IN,78.6,clear sky,18.0333,73.0167,
351,North Platte,US,62.49,clear sky,41.1239,-100.7654,
352,Bingol,TR,50.13,overcast clouds,38.8847,40.4939,
353,Kajaani,FI,17.65,clear sky,64.2273,27.7285,
355,Lata,PT,54.81,clear sky,40.1629,-8.3327,
356,San Patricio,US,87.17,clear sky,28.017,-97.5169,
357,Ancud,CL,51.22,broken clouds,-41.8697,-73.8203,
358,Key West,US,87.8,few clouds,24.5557,-81.7826,
359,Dakar,SN,68.88,broken clouds,14.6937,-17.4441,
360,Nurota,UZ,63.54,clear sky,40.5614,65.6886,
361,Abha,SA,66.02,clear sky,18.2164,42.5053,
362,Takoradi,GH,82.54,light rain,4.8845,-1.7554,
363,Tautira,PF,81.05,moderate rain,-17.7333,-149.15,
364,Cerrito,CO,62.69,overcast clouds,6.8432,-72.694,
365,Kodiak,US,36.91,overcast clouds,57.79,-152.4072,
366,Bubaque,GW,74.77,broken clouds,11.2833,-15.8333,
367,Somerton,US,82.0,clear sky,32.5964,-114.7097,
368,Terrace,CA,39.11,light intensity shower rain,54.5163,-128.6035,
369,Bargarh,IN,84.02,clear sky,21.3333,83.6167,
370,Valparaiso,CL,77.23,clear sky,-33.0393,-71.6273,
371,Sambava,MG,78.06,light rain,-14.2667,50.1667,
372,Jumla,NP,46.72,clear sky,29.2747,82.1838,
373,Olafsvik,IS,37.67,overcast clouds,64.8945,-23.7142,
374,Rocha,UY,75.52,overcast clouds,-34.4833,-54.3333,
375,Eydhafushi,MV,83.01,clear sky,5.1033,73.0708,
376,Moerai,PF,81.1,overcast clouds,-22.4333,-151.3333,
377,Martapura,ID,75.29,few clouds,-3.4167,114.85,
378,Saint-Prosper,CA,42.71,overcast clouds,46.2117,-70.4811,
379,Cangzhou,CN,50.94,clear sky,38.3167,116.8667,
380,Paita,PE,78.28,scattered clouds,-5.0892,-81.1144,
381,Kirakira,SB,80.22,overcast clouds,-10.4544,161.9205,
382,Aanekoski,FI,27.68,overcast clouds,62.6946,25.818,
383,Galesong,ID,75.22,broken clouds,-5.3166,119.3661,
384,Winneba,GH,82.72,light rain,5.3511,-0.6231,
385,Paamiut,GL,35.94,broken clouds,61.994,-49.6678,
386,Mogadishu,SO,81.84,scattered clouds,2.0371,45.3438,
387,Faanui,PF,81.52,overcast clouds,-16.4833,-151.75,
388,Zhengjiatun,CN,46.99,clear sky,43.5064,123.5064,
389,Bijie,CN,49.66,overcast clouds,27.3125,105.2942,
390,Zilair,RU,40.46,light rain,52.2332,57.4392,
391,Zverinogolovskoye,RU,39.07,overcast clouds,54.4586,64.8542,
393,Misratah,LY,60.31,clear sky,32.3754,15.0925,
394,Noumea,NC,81.0,overcast clouds,-22.2763,166.4572,
395,Vestmannaeyjar,IS,43.02,overcast clouds,63.4427,-20.2734,
396,Mokhotlong,LS,51.49,broken clouds,-29.2894,29.0675,
397,Monrovia,LR,82.17,overcast clouds,6.3005,-10.7969,
398,Urdoma,RU,24.82,light snow,61.7533,48.5442,
399,Luancheng,CN,46.56,clear sky,37.8792,114.6517,
400,Puerto Del Rosario,ES,67.75,scattered clouds,28.5004,-13.8627,
401,Japura,ID,73.83,clear sky,-0.3167,102.35,
402,Belmonte,BR,82.83,clear sky,-15.8631,-38.8828,
403,Itarema,BR,80.96,moderate rain,-2.9248,-39.9167,
404,Sao Joao Da Barra,BR,78.89,few clouds,-21.6403,-41.0511,
405,Balancan,MX,95.02,overcast clouds,17.8,-91.5333,
406,Tura,IN,70.47,moderate rain,25.5198,90.2201,
407,Maham,IN,78.73,clear sky,28.9833,76.3,
409,Qasigiannguit,GL,30.45,few clouds,68.8193,-51.1922,
410,San Pedro,PH,79.27,few clouds,14.35,121.0167,
411,Urumqi,CN,52.75,clear sky,43.801,87.6005,
412,Hofn,IS,39.04,overcast clouds,64.2539,-15.2082,
413,Shima,CN,59.02,clear sky,24.4478,117.8111,
414,San Policarpo,PH,79.14,broken clouds,12.1791,125.5072,
415,Komsomolskiy,UZ,57.92,overcast clouds,40.4272,71.7189,
416,Kavaratti,IN,82.45,broken clouds,10.5669,72.642,
417,Atambua,ID,71.22,scattered clouds,-9.1061,124.8925,
418,Tarko-Sale,RU,5.22,overcast clouds,64.9225,77.785,
419,Jacareacanga,BR,79.47,overcast clouds,-6.2222,-57.7528,
420,Amapa,BR,78.46,light rain,1.0,-52.0,
421,Kiruna,SE,11.32,overcast clouds,67.8557,20.2251,
422,Canyon,US,83.25,overcast clouds,34.9803,-101.9188,
423,Constitucion,CL,63.1,clear sky,-35.3333,-72.4167,
424,Eureka,US,57.2,overcast clouds,40.8021,-124.1637,
425,Kamenka,RU,41.27,overcast clouds,51.3223,42.7678,
426,Ambon,ID,80.56,overcast clouds,-3.6954,128.1814,
427,La Plaine,DM,84.49,few clouds,15.3333,-61.25,
428,Vestmanna,FO,43.72,drizzle,62.1564,-7.1664,
429,Mehriz,IR,70.3,clear sky,31.5917,54.4318,
430,Esperance,AU,64.24,light rain,-33.8667,121.9,
431,Weiden,DE,30.42,overcast clouds,49.6775,12.1567,
432,Redlands,US,76.42,haze,34.0556,-117.1825,
433,Sayat,TM,67.87,clear sky,38.7839,63.8803,
434,Marquette,US,40.44,overcast clouds,46.5333,-87.6335,
435,Oksfjord,NO,28.58,broken clouds,70.2396,22.3479,
436,Atar,MR,82.22,clear sky,20.5169,-13.0499,
438,Port Hardy,CA,42.98,light intensity shower rain,50.6996,-127.4199,
439,Arcachon,FR,44.92,clear sky,44.5875,-1.0519,
440,El Prat De Llobregat,ES,47.1,broken clouds,41.3278,2.0947,
441,Benghazi,LY,65.86,clear sky,32.1167,20.0667,
442,Slobodskoy,RU,32.72,light snow,58.7322,50.1772,
443,Pacific Grove,US,64.38,few clouds,36.6177,-121.9166,
444,Matay,EG,76.66,scattered clouds,28.419,30.7792,
445,Nove Hrady,CZ,29.55,overcast clouds,48.7896,14.7784,
446,Maniitsoq,GL,34.7,clear sky,65.4167,-52.9,
447,Claudio,BR,75.4,few clouds,-20.4433,-44.7658,
448,Khorinsk,RU,23.02,overcast clouds,52.1657,109.7726,
449,Yining,CN,53.46,overcast clouds,29.0361,114.5636,
450,Ternate,ID,79.81,overcast clouds,0.8,127.4,
451,Palu,ID,75.04,overcast clouds,-0.8917,119.8707,
452,Dunn,US,46.96,overcast clouds,44.95,-91.8835,
453,Timbiqui,CO,83.3,moderate rain,2.7717,-77.6654,
454,Ust-Kulom,RU,29.46,snow,61.6864,53.6902,
456,Labuhan,ID,75.63,overcast clouds,-6.8844,112.2051,
458,Svarychiv,UA,28.81,overcast clouds,48.9622,24.1966,
459,Ballina,AU,64.78,light rain,-28.8667,153.5667,
460,Saint Anthony,US,44.24,snow,45.0205,-93.218,
461,Blagoyevo,RU,24.64,light snow,63.3667,47.9167,
462,Kandrian,PG,75.74,overcast clouds,-6.2167,149.55,
463,Natal,BR,79.45,moderate rain,-5.795,-35.2094,
464,Lompoc,US,66.69,overcast clouds,34.6391,-120.4579,
465,Dunedin,NZ,55.8,overcast clouds,-45.8742,170.5036,
466,Cairns,AU,76.06,overcast clouds,-16.9167,145.7667,
467,Bad Kissingen,DE,32.76,few clouds,50.2,10.0833,
468,Thiruvananthapuram,IN,84.18,mist,8.4833,76.9167,
469,Nechi,CO,87.1,overcast clouds,8.0942,-74.7757,
470,Hovd,MN,41.61,overcast clouds,48.0056,91.6419,
471,Salinopolis,BR,82.47,moderate rain,-0.6136,-47.3561,
472,Sal Rei,CV,73.6,few clouds,16.1833,-22.9167,
473,Buarcos,PT,56.66,scattered clouds,40.166,-8.8768,
474,Longyearbyen,SJ,6.64,few clouds,78.2186,15.6401,
476,Victor Harbor,AU,56.46,scattered clouds,-35.5667,138.6167,
477,Havelock,US,76.95,clear sky,34.8791,-76.9013,
478,Manama,BH,77.34,clear sky,26.2154,50.5832,
479,Cananeia,BR,75.38,overcast clouds,-25.0147,-47.9267,
480,High Rock,BS,78.82,overcast clouds,26.6208,-78.2833,
481,Kijang,KR,44.33,clear sky,35.2442,129.2139,
482,Arkhangelsk,RU,17.71,scattered clouds,64.5401,40.5433,
483,Menongue,AO,63.32,light rain,-14.6585,17.691,
484,Grand Gaube,MU,79.38,few clouds,-20.0064,57.6608,
485,Puerto Escondido,MX,85.03,clear sky,15.85,-97.0667,
486,Luena,AO,64.0,light rain,-11.7833,19.9167,
487,Miri,MY,75.34,few clouds,4.4148,114.0089,
488,Naranjal,EC,84.58,light rain,-2.6667,-79.6167,
489,Lakes Entrance,AU,57.16,light rain,-37.8811,147.981,
490,Boguchany,RU,4.17,broken clouds,58.3814,97.4531,
491,Loralai,PK,67.33,overcast clouds,30.3705,68.598,
492,Paragominas,BR,81.23,overcast clouds,-2.9667,-47.4833,
493,Asfi,MA,60.53,scattered clouds,32.2994,-9.2372,
494,Kuching,MY,75.42,scattered clouds,1.55,110.3333,
495,Nordhausen,DE,36.16,broken clouds,51.5167,10.8,
496,Zhigansk,RU,3.63,overcast clouds,66.7697,123.3711,
497,Farkhor,TJ,59.83,clear sky,37.4922,69.4036,
498,Peace River,CA,48.51,few clouds,56.2501,-117.286,
499,Tecoanapa,MX,83.82,broken clouds,16.5167,-98.75,
500,Quang Ngai,VN,66.7,overcast clouds,15.1167,108.8,
501,Half Moon Bay,US,76.62,mist,37.4636,-122.4286,
502,Palembang,ID,77.09,broken clouds,-2.9167,104.7458,
503,Ituiutaba,BR,85.82,broken clouds,-18.9689,-49.465,
504,Agogo,GH,77.05,light rain,6.8,-1.0819,
505,Banda Aceh,ID,77.43,overcast clouds,5.5577,95.3222,
506,Grand-Santi,GF,80.15,light rain,4.25,-54.3833,
507,Kruisfontein,ZA,61.88,broken clouds,-34.0033,24.7314,
508,Huadian,CN,42.31,clear sky,42.9633,126.7478,
509,Ridgecrest,US,76.86,clear sky,35.6225,-117.6709,
510,Arambagh,IN,81.77,overcast clouds,22.8833,87.7833,
511,Pontianak,ID,76.98,broken clouds,-0.0333,109.3333,
512,Sampit,ID,73.78,light rain,-2.5333,112.95,
513,Mopti,ML,96.93,broken clouds,14.6667,-4.0,
514,La Rioja,ES,31.78,few clouds,42.25,-2.5,
515,Buala,SB,77.68,overcast clouds,-8.145,159.5921,
516,Bati,ET,69.85,clear sky,11.1833,40.0167,
517,Gamba,GA,78.12,overcast clouds,-2.65,10.0,
518,Careiro Da Varzea,BR,86.63,heavy intensity rain,-3.2003,-59.8119,
519,Rabo De Peixe,PT,60.31,few clouds,37.8,-25.5833,
520,Gravdal,NO,31.23,light snow,68.1214,13.5031,
521,Riviere-Au-Renard,CA,39.49,few clouds,48.9957,-64.3971,
522,Homer,US,37.78,scattered clouds,59.6425,-151.5483,
523,Vaitape,PF,81.52,overcast clouds,-16.5167,-151.75,
524,Viedma,AR,52.54,overcast clouds,-40.8135,-62.9967,
525,Bamberg,DE,33.91,scattered clouds,49.8795,10.8863,
526,Kedzierzyn-Kozle,PL,34.32,broken clouds,50.3498,18.2261,
527,Waitati,NZ,55.8,overcast clouds,-45.75,170.5667,
528,Hambantota,LK,79.3,clear sky,6.1241,81.1185,
529,Laguna,US,78.3,clear sky,38.421,-121.4238,
530,Port Shepstone,ZA,73.65,scattered clouds,-30.7414,30.455,
531,Coihaique,CL,53.55,light intensity shower rain,-45.5752,-72.0662,
532,Shahreza,IR,65.98,overcast clouds,32.0339,51.8794,
533,Thionville,FR,39.09,broken clouds,49.3333,6.3333,
534,Salalah,OM,80.69,clear sky,17.0151,54.0924,
535,De-Kastri,RU,32.09,broken clouds,51.4667,140.7833,
536,Havoysund,NO,26.83,overcast clouds,70.9963,24.6622,
537,Mackay,AU,75.69,light intensity shower rain,-21.15,149.2,
538,Dhekiajuli,IN,70.68,overcast clouds,26.7,92.5,
539,Methoni,GR,51.66,few clouds,36.8197,21.7049,
540,Sao Bento Do Sul,BR,66.24,overcast clouds,-26.2503,-49.3786,
541,Balgazyn,RU,32.41,overcast clouds,51.0,95.2,
542,Ler,SS,89.83,overcast clouds,8.3018,30.1418,
543,Ewo,CG,77.27,light rain,-0.8725,14.8206,
544,Pervoavgustovskiy,RU,31.12,light snow,52.2264,35.0552,
545,Utica,US,41.63,light rain,43.1009,-75.2327,
546,Mokhsogollokh,RU,6.57,overcast clouds,61.4681,128.9203,
547,Esmeraldas,BR,82.51,few clouds,-19.7625,-44.3139,
548,Ibra,OM,77.25,clear sky,22.6906,58.5334,
549,Santa Maria,BR,63.7,moderate rain,-29.6842,-53.8069,
550,Vizinga,RU,26.29,light snow,61.0749,50.1031,
551,Barra Do Corda,BR,84.65,light rain,-5.5,-45.25,
552,Mansehra,PK,62.33,clear sky,34.3333,73.2,
553,Belize,BZ,93.52,few clouds,17.25,-88.75,
554,Keuruu,FI,28.58,overcast clouds,62.2667,24.7,
555,Mocajuba,BR,81.0,overcast clouds,-2.5842,-49.5072,
556,Pitkyaranta,RU,18.3,broken clouds,61.5734,31.4792,
557,Lundazi,ZM,66.81,light rain,-12.2929,33.1782,
558,Manggar,ID,77.94,scattered clouds,-2.8833,108.2667,
559,Coffs Harbour,AU,65.14,moderate rain,-30.3,153.1333,
560,Sturgeon Bay,US,42.76,overcast clouds,44.8342,-87.377,
561,Sorong,ID,78.4,overcast clouds,-0.8833,131.25,
562,Otukpo,NG,89.76,overcast clouds,7.1913,8.1329,
563,Mana,GF,81.01,scattered clouds,5.6592,-53.7767,
564,Maceio,BR,83.64,broken clouds,-9.6658,-35.7353,
566,Kamaishi,JP,44.58,light rain,39.2667,141.8833,
567,Hobyo,SO,81.88,clear sky,5.3505,48.5268,
568,Santa Marinella,IT,51.71,scattered clouds,42.0345,11.8536,
570,Padang,ID,76.17,scattered clouds,-0.9492,100.3543,
571,Pilar,BR,82.33,overcast clouds,-9.5972,-35.9567,
572,Nuuk,GL,36.21,few clouds,64.1835,-51.7216,
573,Kalangala,UG,74.55,few clouds,-0.3089,32.225,
574,Vidim,RU,10.2,broken clouds,56.4088,103.1106,
575,Yar-Sale,RU,5.92,overcast clouds,66.8333,70.8333,
576,Abu Kamal,SY,73.99,broken clouds,34.4506,40.9171,
577,Kemijarvi,FI,16.74,overcast clouds,66.7131,27.4306,
578,Awjilah,LY,80.69,clear sky,29.1081,21.2869,
579,Tezu,IN,66.13,light rain,27.9167,96.1667,
580,San Quintin,MX,62.78,broken clouds,30.4833,-115.95,
581,Bairiki,KI,80.6,scattered clouds,1.3292,172.9752,
582,Inhambane,MZ,78.13,clear sky,-23.865,35.3833,
584,Tessalit,ML,92.53,clear sky,20.1986,1.0114,
585,Kendari,ID,74.14,broken clouds,-3.945,122.4989,
586,Trapani,IT,51.28,few clouds,37.8333,12.6667,
587,Aykino,RU,23.85,light snow,62.2248,49.9922,
588,Aksarka,RU,11.41,overcast clouds,66.5606,67.7975,
589,Filadelfia,US,53.28,broken clouds,39.9523,-75.1638,
590,Filingue,NE,92.26,overcast clouds,14.3521,3.3168,
591,Payakumbuh,ID,68.54,moderate rain,-0.2202,100.6308,
592,Olavarria,AR,65.01,broken clouds,-36.8927,-60.3225,
593,Hualmay,PE,74.28,few clouds,-11.0964,-77.6139,
594,Tavistock,GB,44.64,broken clouds,50.5494,-4.1442,
595,Baytown,US,83.1,clear sky,29.7355,-94.9774,
596,Souillac,MU,79.18,broken clouds,-20.5167,57.5167,
597,Nishihara,JP,63.68,scattered clouds,26.1842,127.7558,
598,Pedernales,DO,83.44,few clouds,18.0384,-71.744,
599,Kholtoson,RU,35.76,overcast clouds,50.2981,103.3097,
600,Bitlis,TR,38.79,few clouds,38.5,42.25,
601,Maxixe,MZ,77.41,few clouds,-23.8597,35.3472,
602,Miles City,US,52.77,scattered clouds,46.4083,-105.8406,
603,Biltine,TD,89.78,broken clouds,14.5333,20.9167,
604,Saravan,AM,45.77,scattered clouds,39.7196,45.6483,
605,Chabahar,IR,78.46,clear sky,25.2919,60.643,
606,Morondava,MG,81.66,few clouds,-20.2833,44.2833,
607,Pahrump,US,77.45,overcast clouds,36.2083,-115.9839,
608,Sinnamary,GF,80.04,light rain,5.3833,-52.95,
609,Polunochnoye,RU,28.18,light snow,60.8697,60.4153,
610,Akonolinga,CM,71.92,overcast clouds,3.7667,12.25,
611,Saint Helens,GB,46.72,clear sky,53.45,-2.7333,
612,Moree,AU,60.82,overcast clouds,-29.4667,149.85,
613,Krasnoborsk,RU,23.83,overcast clouds,61.5598,45.934,
614,Marathon,US,45.93,overcast clouds,44.9,-89.7668,
615,Pendleton,US,56.95,few clouds,45.6721,-118.7886,
616,Noyabrsk,RU,17.89,overcast clouds,63.1994,75.4507,
617,Jerome,US,56.68,clear sky,42.7241,-114.5186,
618,Monte Azul,BR,90.25,clear sky,-15.155,-42.8747,
619,Denpasar,ID,78.46,scattered clouds,-8.65,115.2167,
620,Reyes,BO,87.94,clear sky,-14.3167,-67.3833,
621,Teruel,ES,26.67,clear sky,40.6667,-0.6667,
622,Comodoro Rivadavia,AR,66.06,clear sky,-45.8667,-67.5,
623,Guerrero,MX,91.42,clear sky,17.6667,-100.0,
624,Ranau,MY,68.34,broken clouds,5.9538,116.6641,
625,Angoche,MZ,78.48,clear sky,-16.2325,39.9086,
626,Lumajang,ID,73.94,few clouds,-8.1335,113.2248,
628,Mapastepec,MX,94.28,scattered clouds,15.4333,-92.9,
629,Kaeo,NZ,65.32,few clouds,-35.1,173.7833,
630,Lalin,ES,41.05,clear sky,42.7167,-8.1167,
631,Aleksandrov Gay,RU,54.91,overcast clouds,50.147,48.5704,
632,Conde,BR,78.26,light intensity shower rain,-7.2597,-34.9075,
633,Kropotkin,RU,50.76,moderate rain,45.4375,40.5756,
634,Lynn Haven,US,80.98,clear sky,30.2455,-85.6483,
635,Catuday,PH,77.94,scattered clouds,16.2923,119.8062,
636,Goundam,ML,91.44,broken clouds,16.4145,-3.6708,
637,Vostok,RU,27.77,clear sky,46.4856,135.8833,
638,Hit,IQ,79.02,broken clouds,33.6416,42.8251,
639,Myitkyina,MM,66.13,broken clouds,25.3833,97.4,
640,Vanimo,PG,77.86,overcast clouds,-2.6741,141.3028,
641,Plettenberg Bay,ZA,61.59,overcast clouds,-34.0527,23.3716,
642,Nhulunbuy,AU,75.81,overcast clouds,-12.2333,136.7667,
643,Macusani,PE,45.09,broken clouds,-14.0833,-70.4333,
644,Sobolevo,RU,27.57,overcast clouds,54.4299,31.8996,
645,Piacabucu,BR,82.58,few clouds,-10.4056,-36.4344,
646,Talcahuano,CL,62.28,clear sky,-36.7167,-73.1167,
647,Sao Gabriel Da Cachoeira,BR,84.92,broken clouds,-0.1303,-67.0892,
648,Santa Cruz,BO,86.05,few clouds,-17.8,-63.1667,
649,Lasa,IT,37.36,light snow,46.6166,10.7002,
650,Ponta Delgada,PT,61.52,few clouds,37.7333,-25.6667,
651,Huarmey,PE,75.31,few clouds,-10.0681,-78.1522,
652,Kieta,PG,78.62,light rain,-6.2167,155.6333,
653,Svetlyy,RU,34.97,broken clouds,54.675,20.1347,
654,Lampa,CL,78.08,clear sky,-33.2833,-70.9,
655,Mossendjo,CG,72.55,light rain,-2.9506,12.7261,
656,Cabinda,AO,78.96,overcast clouds,-5.55,12.2,
657,Chanika,TZ,72.57,overcast clouds,-5.4167,38.0167,
658,Brindisi,IT,54.18,overcast clouds,40.5833,17.6667,
659,Sines,PT,58.28,scattered clouds,37.9562,-8.8698,
660,Sun City West,US,82.17,clear sky,33.662,-112.3413,
661,Northam,GB,44.62,scattered clouds,51.0333,-4.2167,
662,Ubinskoye,RU,32.88,overcast clouds,55.3068,79.6802,
663,Ekhabi,RU,31.39,overcast clouds,53.5102,142.9671,
664,Benguela,AO,77.32,overcast clouds,-12.5763,13.4055,
665,Bodden Town,KY,86.0,few clouds,19.2833,-81.25,
666,Wajima,JP,46.2,clear sky,37.4,136.9,
667,Pailon,BO,87.48,clear sky,-17.65,-62.75,
668,Labytnangi,RU,9.39,overcast clouds,66.6572,66.4183,
669,Hawkesbury,CA,41.29,overcast clouds,45.6001,-74.616,
670,West Richland,US,58.23,overcast clouds,46.3043,-119.3614,
671,Skibbereen,IE,49.1,overcast clouds,51.55,-9.2667,
672,Hirara,JP,69.08,overcast clouds,24.8,125.2833,
673,Madisonville,US,63.21,clear sky,37.3281,-87.4989,
674,Saint George,US,73.63,clear sky,37.1041,-113.5841,
675,Razole,IN,77.11,clear sky,16.4833,81.8333,
676,Amahai,ID,78.44,overcast clouds,-3.3333,128.9167,
677,Shenjiamen,CN,50.45,few clouds,29.9576,122.298,
678,Oshnaviyeh,IR,55.89,overcast clouds,37.0397,45.0983,
679,Lebyazhye,RU,40.69,overcast clouds,55.2689,66.4947,
680,Klenovyy,UA,46.63,overcast clouds,48.1193,39.4588,
681,San Luis,AR,65.62,clear sky,-33.295,-66.3356,
682,Skagen,DK,41.83,overcast clouds,57.7209,10.5839,
683,Kapuskasing,CA,42.89,broken clouds,49.4169,-82.4331,
684,Beihai,CN,66.22,clear sky,21.4833,109.1,
685,Karratha,AU,81.16,clear sky,-20.7377,116.8463,
686,Mabaruma,GY,83.03,overcast clouds,8.2,-59.7833,
687,Touros,BR,80.55,overcast clouds,-5.1989,-35.4608,
688,Ketchikan,US,44.58,light rain,55.3422,-131.6461,
689,Vrangel,RU,38.08,clear sky,42.7297,133.0839,
690,Charyshskoye,RU,38.07,broken clouds,51.3978,83.5598,
691,Tabou,CI,80.87,light rain,4.423,-7.3528,
692,Manga,BF,89.42,light rain,11.6636,-1.0731,
693,Manokwari,ID,77.97,overcast clouds,-0.8667,134.0833,
694,Araripina,BR,85.8,overcast clouds,-7.5761,-40.4983,
695,Adrar,MR,85.69,clear sky,20.5022,-10.0711,
696,Hindaun,IN,82.44,clear sky,26.7167,77.0167,
697,Antoniny,UA,30.04,overcast clouds,49.8097,26.8771,
698,Smidovich,RU,35.22,broken clouds,48.6,133.8167,
699,Abu Samrah,SY,61.27,overcast clouds,35.3029,37.1841,
700,Corn Island,NI,81.21,scattered clouds,12.1694,-83.0418,
702,Gayeri,BF,96.31,overcast clouds,12.6497,0.4931,
703,Beyla,GN,69.22,heavy intensity rain,8.6833,-8.6333,
704,Ambulu,ID,74.73,clear sky,-8.345,113.6058,
705,Wanxian,CN,64.2,light rain,30.8039,108.3897,
706,Mattru,SL,80.67,light rain,7.6244,-11.8332,
707,Kasongo-Lunda,CD,72.5,scattered clouds,-6.4667,16.8167,
708,Taksimo,RU,6.03,overcast clouds,56.3444,114.8794,
