City_ID,City,Country,Lat,Lng,Max Temp,Humidity,Cloudiness,Wind Speed,Current Description
0,Mataura,NZ,-46.1927,168.8643,44.49,97,99,2.19,overcast clouds
1,Namibe,AO,-15.1961,12.1522,70.86,81,100,9.75,overcast clouds
2,Sayyan,YE,15.1718,44.3244,59.77,20,91,5.3,overcast clouds
3,Tiksi,RU,71.6872,128.8694,5.36,98,100,8.05,overcast clouds
4,Sussex,US,41.1834,-74.6663,44.69,79,100,4.61,overcast clouds
5,Thai Binh,VN,20.45,106.3333,63.52,64,84,3.71,broken clouds
6,Chokurdakh,RU,70.6333,147.9167,-21.6,100,84,3.04,broken clouds
7,Bredasdorp,ZA,-34.5322,20.0403,62.76,84,79,3.8,broken clouds
8,East London,ZA,-33.0153,27.9116,73.02,89,100,18.14,overcast clouds
9,Maningrida,AU,-12.0667,134.2667,77.13,84,84,3.04,broken clouds
10,Mareeba,AU,-17.0,145.4333,71.44,93,15,2.19,few clouds
11,Kununurra,AU,-15.7667,128.7333,66.18,88,29,0.0,scattered clouds
12,Cape Town,ZA,-33.9258,18.4232,66.11,80,0,13.8,clear sky
13,Antofagasta,CL,-23.65,-70.4,72.21,49,8,9.08,clear sky
14,Watsa,CD,3.0372,29.5355,66.09,98,85,1.5,moderate rain
15,Tongliao,CN,43.6125,122.2653,50.47,31,2,21.77,clear sky
16,Pastavy,BY,55.1168,26.8326,29.23,61,59,6.35,broken clouds
17,Saldanha,ZA,-33.0117,17.9442,59.05,80,0,1.79,clear sky
18,Jamestown,US,42.097,-79.2353,33.53,74,100,9.22,overcast clouds
19,Brae,GB,60.3964,-1.353,46.8,97,100,20.74,overcast clouds
20,Svetlogorsk,BY,52.6333,29.7333,29.46,86,100,6.31,overcast clouds
21,San Cristobal,VE,7.7669,-72.225,82.58,47,32,5.77,scattered clouds
22,Acarau,BR,-2.8856,-40.12,81.82,81,23,13.02,moderate rain
23,Saint-Philippe,RE,-21.3585,55.7679,74.79,89,100,15.61,moderate rain
24,Ushuaia,AR,-54.8,-68.3,38.86,81,40,31.07,light rain
25,Severo-Kurilsk,RU,50.6789,156.125,29.57,87,22,11.77,few clouds
26,Albany,US,42.6001,-73.9662,41.88,85,100,2.06,moderate rain
27,Tuktoyaktuk,CA,69.4541,-133.0374,-20.2,69,20,2.3,few clouds
28,Melito Di Porto Salvo,IT,37.9222,15.7714,56.23,50,100,5.75,overcast clouds
29,Hilo,US,19.7297,-155.09,78.53,74,100,6.91,overcast clouds
30,Leh,IN,34.1667,77.5833,24.93,63,41,5.77,scattered clouds
31,Broome,US,42.2506,-75.833,41.14,82,100,16.11,overcast clouds
32,Hermanus,ZA,-34.4187,19.2345,62.8,83,1,7.96,light rain
33,Busselton,AU,-33.65,115.3333,63.01,83,47,16.91,scattered clouds
34,Rikitea,PF,-23.1203,-134.9692,76.64,66,57,9.53,broken clouds
35,Pevek,RU,69.7008,170.3133,-21.75,96,24,2.51,few clouds
36,Rajshahi,BD,24.3667,88.6,80.71,79,0,11.72,clear sky
37,Shawinigan,CA,46.5668,-72.7491,43.32,42,100,8.05,overcast clouds
38,Dublin,US,37.7021,-121.9358,79.43,44,0,9.22,clear sky
39,Bluff,NZ,-46.6,168.3333,56.73,73,96,13.33,overcast clouds
40,Vaini,TO,-21.2,-175.2,73.56,100,100,5.75,light intensity shower rain
41,Puerto Ayora,EC,-0.7393,-90.3518,85.96,76,37,11.52,light rain
42,Mar Del Plata,AR,-38.0023,-57.5575,75.22,62,40,21.85,scattered clouds
43,Torbay,CA,47.6666,-52.7314,41.88,71,20,35.68,few clouds
44,Dikson,RU,73.5069,80.5464,-2.52,99,63,9.4,broken clouds
45,Inta,RU,66.0317,60.1659,22.35,72,100,18.68,overcast clouds
46,Upernavik,GL,72.7868,-56.1549,20.19,84,42,3.76,scattered clouds
47,Fort Nelson,CA,58.8053,-122.7002,26.19,63,75,3.44,broken clouds
48,Narsaq,GL,60.9167,-46.05,46.62,74,100,5.39,overcast clouds
49,Kavieng,PG,-2.5744,150.7967,80.73,78,100,4.41,light rain
50,Pundaguitan,PH,6.3711,126.1689,80.76,77,100,5.66,overcast clouds
51,Vila,PT,42.0304,-8.1588,41.88,67,20,6.93,few clouds
52,Urucui,BR,-7.2294,-44.5561,83.8,71,100,3.71,overcast clouds
53,Fortuna,US,40.5982,-124.1573,55.92,73,20,6.91,few clouds
54,Punta Arenas,CL,-53.15,-70.9167,41.11,87,40,23.02,light intensity shower rain
55,Ouegoa,NC,-20.35,164.4333,80.01,86,100,10.04,overcast clouds
56,Chuy,UY,-33.6971,-53.4616,72.66,64,84,10.85,moderate rain
57,Zharkovskiy,RU,55.849,32.2697,25.0,88,91,3.94,overcast clouds
58,Cidreira,BR,-30.1811,-50.2056,69.55,96,100,17.81,heavy intensity rain
59,Beringovskiy,RU,63.05,179.3167,-8.03,91,77,14.14,broken clouds
60,Hithadhoo,MV,-0.6,73.0833,83.37,69,57,4.65,broken clouds
61,Yulara,AU,-25.2406,130.9889,60.22,32,0,8.05,clear sky
62,Atuona,PF,-9.8,-139.0333,79.77,72,94,19.55,overcast clouds
63,Provideniya,RU,64.3833,-173.3,1.09,79,1,9.84,clear sky
64,Ilulissat,GL,69.2167,-51.1,30.22,74,75,4.61,broken clouds
65,Eirunepe,BR,-6.6603,-69.8736,85.24,58,87,1.01,overcast clouds
66,Palmer,US,42.1584,-72.3287,52.41,56,100,11.5,overcast clouds
67,Iberia,US,29.9502,-91.7507,82.06,36,0,11.5,clear sky
68,Nikolskoye,RU,59.7035,30.7861,30.7,96,35,2.82,scattered clouds
69,Nanortalik,GL,60.1432,-45.2371,38.7,77,97,5.84,overcast clouds
70,Balclutha,NZ,-46.2339,169.75,43.38,99,86,3.42,overcast clouds
71,Kisangani,CD,0.5167,25.2,72.34,95,46,2.73,light rain
72,Clyde River,CA,70.4692,-68.5914,12.43,85,75,8.05,broken clouds
73,Caravelas,BR,-17.7125,-39.2481,82.31,62,0,7.52,clear sky
74,Magdagachi,RU,53.45,125.8,24.51,69,22,8.81,few clouds
75,Olinda,BR,-8.0089,-34.8553,83.93,74,40,10.36,scattered clouds
76,Avarua,CK,-21.2078,-159.775,77.05,94,20,2.3,few clouds
77,Belyy Yar,RU,53.6039,91.3903,36.86,100,40,6.71,scattered clouds
78,Yellowknife,CA,62.456,-114.3525,19.42,68,75,17.27,broken clouds
79,Halifax,CA,44.6453,-63.5724,51.69,54,100,13.8,overcast clouds
80,Arraial Do Cabo,BR,-22.9661,-42.0278,82.36,74,40,12.66,scattered clouds
81,Arman,RU,59.7,150.1667,3.47,91,20,6.69,few clouds
82,Srednekolymsk,RU,67.45,153.6833,-20.94,100,93,2.06,overcast clouds
83,Moba,CN,33.2288,105.0179,43.0,87,100,4.07,overcast clouds
84,Roswell,US,34.0232,-84.3616,70.5,24,0,13.8,clear sky
85,Talnakh,RU,69.4865,88.3972,0.72,98,85,5.19,overcast clouds
86,Gornopravdinsk,RU,60.05,69.9,33.04,93,100,14.52,light snow
87,Zaranj,AF,30.9667,61.8833,69.76,11,6,4.7,clear sky
88,Aykhal,RU,66.0,111.5,5.04,96,100,8.37,overcast clouds
89,Georgetown,MY,5.4112,100.3354,78.73,92,20,3.44,few clouds
90,Tasiilaq,GL,65.6145,-37.6368,30.36,92,100,4.68,overcast clouds
91,Hobart,AU,-42.8794,147.3294,57.06,93,100,5.75,overcast clouds
92,Lebu,CL,-37.6167,-73.65,57.34,60,0,16.89,clear sky
93,Castro,BR,-24.7911,-50.0119,73.6,70,57,5.06,broken clouds
94,Khash,IR,28.2211,61.2158,68.97,11,0,3.02,clear sky
95,Carnarvon,AU,-24.8667,113.6333,77.07,83,40,12.66,scattered clouds
96,Butaritari,KI,3.0707,172.7902,81.21,74,100,13.67,overcast clouds
97,Grindavik,IS,63.8424,-22.4338,41.47,93,75,20.71,broken clouds
98,Namatanai,PG,-3.6667,152.4333,78.39,84,100,1.95,light rain
99,Kargasok,RU,59.0556,80.8572,20.16,89,100,9.78,overcast clouds
100,Faya,SA,18.3851,42.4509,66.31,21,72,4.43,broken clouds
101,Krasnokamensk,RU,50.0979,118.0369,30.67,51,70,8.84,broken clouds
102,Moron,AR,-34.6534,-58.6198,71.06,82,100,5.41,overcast clouds
103,Qaanaaq,GL,77.484,-69.3632,14.76,76,91,6.15,overcast clouds
104,Oriximina,BR,-1.7656,-55.8661,78.39,91,95,3.36,overcast clouds
105,Dangriga,BZ,16.9692,-88.2321,83.57,66,9,9.73,clear sky
106,Bethel,US,41.3712,-73.414,43.02,88,100,0.0,light rain
107,Inuvik,CA,68.3499,-133.7218,-13.94,58,75,2.3,light snow
108,Hope,US,33.6671,-93.5916,78.85,43,0,7.61,clear sky
109,Cockburn Town,TC,21.4612,-71.1419,82.36,69,40,17.27,scattered clouds
110,Begowal,IN,31.6167,75.5167,72.95,12,0,5.61,clear sky
111,Matara,LK,5.9485,80.5353,77.49,86,12,2.37,few clouds
112,Barinas,VE,8.6226,-70.2075,84.24,58,98,3.44,overcast clouds
113,Aitape,PG,-3.1374,142.3475,77.2,90,99,3.76,overcast clouds
114,Westport,US,41.1415,-73.3579,44.58,92,100,5.75,overcast clouds
115,Beloha,MG,-25.1667,45.05,71.96,87,1,9.8,clear sky
116,Challapata,BO,-18.9,-66.7667,55.44,39,31,8.84,scattered clouds
117,Cap Malheureux,MU,-19.9842,57.6142,79.47,83,18,7.0,few clouds
118,Sur,OM,22.5667,59.5289,82.4,48,12,8.37,few clouds
119,Hasaki,JP,35.7333,140.8333,48.29,71,96,20.09,light rain
120,Wenatchee,US,47.4235,-120.3103,58.66,46,0,9.22,clear sky
121,Sangar,RU,63.9242,127.4739,4.53,99,100,1.23,overcast clouds
122,Yanam,IN,16.7333,82.2167,76.26,95,14,2.15,few clouds
123,Sistranda,NO,63.7256,8.834,31.96,77,100,9.69,light snow
124,Praia Da Vitoria,PT,38.7333,-27.0667,63.75,82,20,14.94,few clouds
125,New Norfolk,AU,-42.7826,147.0587,56.7,88,100,1.1,overcast clouds
126,Hamilton,US,39.1834,-84.5333,56.98,50,40,4.61,scattered clouds
127,Tazovskiy,RU,67.4667,78.7,-7.06,100,58,6.42,broken clouds
128,Vao,NC,-22.6667,167.4833,79.2,87,87,20.27,overcast clouds
129,Ixtapa,MX,20.7,-105.2,78.03,57,0,8.05,clear sky
130,Hede,CN,33.7681,120.2517,41.16,67,0,6.42,clear sky
131,Lagoa,PT,39.05,-27.9833,59.11,81,0,18.32,clear sky
132,Khatanga,RU,71.9667,102.5,-27.38,100,98,4.36,overcast clouds
133,Ponta Do Sol,PT,32.6667,-17.1,62.71,74,100,16.02,overcast clouds
134,Kapaa,US,22.0752,-159.319,76.98,79,40,20.71,scattered clouds
135,Axim,GH,4.8699,-2.2405,82.09,85,100,11.12,overcast clouds
136,Guerrero Negro,MX,27.9769,-114.0611,65.19,55,46,13.87,scattered clouds
137,Fort-Shevchenko,KZ,44.5086,50.263,51.44,77,100,5.93,overcast clouds
138,Lamar,US,33.6668,-95.5836,80.51,36,0,14.97,clear sky
139,Port Elizabeth,ZA,-33.918,25.5701,64.09,96,0,8.05,clear sky
140,Kahului,US,20.8947,-156.47,78.82,67,40,25.32,scattered clouds
141,Sao Filipe,CV,14.8961,-24.4956,70.81,77,3,11.54,clear sky
142,Trairi,BR,-3.2778,-39.2689,80.74,85,30,10.09,scattered clouds
143,Nuevitas,CU,21.5453,-77.2644,90.43,45,13,10.76,few clouds
144,Wanning,CN,18.8003,110.3967,66.38,77,100,11.1,overcast clouds
145,Villa Maria,AR,-32.4075,-63.2402,72.82,44,0,19.82,clear sky
146,Vila Velha,BR,-20.3297,-40.2925,84.15,80,40,10.36,scattered clouds
147,Avera,US,33.194,-82.5271,73.45,29,1,11.86,clear sky
148,Makakilo City,US,21.3469,-158.0858,77.32,54,20,18.41,few clouds
149,Katsuura,JP,35.1333,140.3,48.22,83,100,18.97,moderate rain
150,Wasilla,US,61.5814,-149.4394,39.22,53,20,3.44,few clouds
151,Kaitangata,NZ,-46.2817,169.8464,45.9,95,91,5.44,overcast clouds
152,Bilma,NE,18.6853,12.9164,88.63,4,3,6.4,clear sky
153,Kodinsk,RU,58.6881,99.1844,4.35,99,81,2.44,broken clouds
154,Vardo,NO,70.3705,31.1107,24.78,100,75,14.97,light snow
155,Oistins,BB,13.0667,-59.5333,84.29,58,20,19.57,few clouds
156,Lahaina,US,20.8783,-156.6825,78.8,84,20,13.06,few clouds
157,Te Anau,NZ,-45.4167,167.7167,44.91,79,46,0.74,scattered clouds
158,Port Alfred,ZA,-33.5906,26.891,69.19,91,100,1.99,overcast clouds
159,Ribeira Grande,PT,38.5167,-28.7,64.8,63,20,10.36,few clouds
160,Lotofaga,WS,-13.9764,-171.8578,78.58,75,46,14.94,scattered clouds
161,Gaurela,IN,22.75,81.9,76.35,11,0,0.67,clear sky
162,Cuamba,MZ,-14.8031,36.5372,69.93,94,20,2.48,light rain
163,Flinders,AU,-34.5833,150.8552,60.39,79,0,1.99,clear sky
164,Poronaysk,RU,49.2167,143.1167,39.43,64,27,12.15,scattered clouds
165,Maldonado,UY,-34.6667,-54.9167,74.59,49,47,13.27,scattered clouds
166,Barrow,US,71.2906,-156.7887,-7.58,71,40,16.11,mist
167,Malakal,SS,9.5334,31.6605,91.29,34,89,6.31,overcast clouds
168,Vilyuysk,RU,63.7553,121.6247,-1.97,100,100,4.12,overcast clouds
169,Shyryayeve,UA,47.3805,30.1964,39.74,79,100,13.4,overcast clouds
170,Takaka,NZ,-40.85,172.8,61.56,59,0,3.0,clear sky
171,Whitianga,NZ,-36.8333,175.7,60.57,87,9,2.53,clear sky
172,Asau,RO,46.4333,26.4,33.28,92,100,1.5,light snow
173,Broken Hill,AU,-31.95,141.4333,58.8,57,0,5.84,clear sky
174,Abong Mbang,CM,3.9833,13.1833,75.29,65,79,3.36,broken clouds
175,Cedar City,US,37.6775,-113.0619,57.4,37,0,3.44,clear sky
176,Mahebourg,MU,-20.4081,57.7,79.25,83,75,11.5,broken clouds
177,Bourail,NC,-21.5667,165.4833,77.47,91,100,4.52,overcast clouds
178,Shumskiy,RU,54.8318,99.1328,24.67,95,100,2.1,light snow
179,Airai,TL,-8.9266,125.4092,57.18,78,24,1.12,few clouds
180,Anchorage,US,61.2181,-149.9003,39.27,62,0,4.61,clear sky
181,Rairangpur,IN,22.2676,86.1751,78.01,79,5,6.11,clear sky
182,Boca Do Acre,BR,-8.7522,-67.3978,90.99,46,63,0.6,broken clouds
183,Diego De Almagro,CL,-26.3667,-70.05,80.31,15,0,13.96,clear sky
184,Tanout,NE,14.9709,8.8879,87.87,2,99,7.74,overcast clouds
185,Bara,NG,10.3744,10.7288,88.92,8,100,6.35,overcast clouds
186,Lavrentiya,RU,65.5833,-171.0,-9.98,91,33,10.54,scattered clouds
187,Huntsville,US,34.7304,-86.5861,66.15,31,0,10.36,clear sky
188,Batticaloa,LK,7.7102,81.6924,79.65,80,1,4.88,clear sky
189,Moctezuma,MX,29.8,-109.6667,81.99,14,14,11.92,few clouds
190,Camacupa,AO,-12.0167,17.4833,63.28,92,100,6.73,overcast clouds
191,Pangnirtung,CA,66.1451,-65.7125,23.0,86,100,3.44,overcast clouds
192,Burnie,AU,-41.0667,145.9167,58.87,74,64,2.93,broken clouds
193,Luderitz,NA,-26.6481,15.1594,60.91,88,0,6.38,clear sky
194,Bambous Virieux,MU,-20.3428,57.7575,79.21,83,75,11.5,broken clouds
195,Alice Springs,AU,-23.7,133.8833,51.35,54,0,0.0,clear sky
196,Cayenne,GF,4.9333,-52.3333,83.08,1,75,11.5,broken clouds
197,Pinos,MX,22.3,-101.5667,74.37,10,100,11.14,overcast clouds
198,Nantucket,US,41.2835,-70.0995,48.31,75,100,10.36,overcast clouds
199,Batagay-Alyta,RU,67.8006,130.4114,-1.59,99,98,3.49,overcast clouds
200,Walvis Bay,NA,-22.9575,14.5053,59.09,88,0,4.61,clear sky
201,Xuddur,SO,4.1213,43.8894,85.35,32,34,9.4,scattered clouds
202,Kidal,ML,18.4411,1.4078,93.99,7,1,6.11,clear sky
203,Severnyy,RU,50.677,36.5532,33.84,86,75,8.95,broken clouds
204,Caxito,AO,-8.5785,13.6643,76.75,86,83,3.98,broken clouds
205,Pisco,PE,-13.7,-76.2167,73.45,64,0,18.41,clear sky
206,Ca Mau,VN,9.1769,105.15,77.43,82,100,8.63,overcast clouds
207,Thompson,CA,55.7435,-97.8558,37.56,48,100,11.5,overcast clouds
208,Prince Rupert,CA,54.3161,-130.3201,42.89,70,75,26.46,broken clouds
209,Bonthe,SL,7.5264,-12.505,80.35,74,16,10.18,light rain
210,Santa Helena De Goias,BR,-17.8136,-50.5969,85.39,52,47,1.12,scattered clouds
211,Weyburn,CA,49.6668,-103.8511,44.82,53,72,4.61,broken clouds
212,Gold Coast,AU,-28.0,153.4333,70.25,90,40,5.75,scattered clouds
213,Wattegama,LK,6.7989,81.4808,74.32,92,0,0.94,clear sky
214,Luanda,AO,-8.8368,13.2343,80.6,74,75,10.36,broken clouds
215,Iracoubo,GF,5.4802,-53.2011,80.13,85,38,11.18,scattered clouds
216,San Vicente,AR,-26.6167,-54.1333,78.94,58,100,4.16,overcast clouds
217,Kungurtug,RU,50.5994,97.5228,27.16,89,99,3.6,overcast clouds
218,Oytal,KZ,42.9057,73.2697,56.19,41,3,6.96,clear sky
219,Alekseyevskoye,RU,55.3071,50.1135,37.92,86,91,18.14,overcast clouds
220,Meulaboh,ID,4.1363,96.1285,74.26,84,100,3.71,overcast clouds
221,Bengkulu,ID,-3.8004,102.2655,76.95,82,100,4.45,overcast clouds
222,Mao,ES,39.8885,4.2658,46.96,61,20,14.97,few clouds
223,Pran Buri,TH,12.3847,99.9098,75.97,60,89,9.46,overcast clouds
224,Makurdi,NG,7.7411,8.5121,92.23,30,100,2.66,overcast clouds
225,Conceicao Da Feira,BR,-12.5058,-38.9986,82.11,59,12,10.04,few clouds
226,Nueva Gorgona,PA,8.55,-79.8667,94.21,73,98,11.01,overcast clouds
227,Kloulklubed,PW,7.0419,134.2556,75.7,81,100,5.64,overcast clouds
228,Foam Lake,CA,51.65,-103.5343,37.42,100,93,4.29,overcast clouds
229,Saurimo,AO,-9.6608,20.3916,66.56,95,100,3.91,overcast clouds
230,Troitsko-Pechorsk,RU,62.7084,56.1964,25.09,96,100,9.78,snow
231,Ubatuba,BR,-23.4339,-45.0711,77.72,87,53,7.36,broken clouds
232,Vytegra,RU,61.0064,36.4481,17.06,93,57,3.06,broken clouds
233,Minas De Barroteran,MX,27.6333,-101.2833,85.64,38,47,7.54,scattered clouds
234,Patiya,BD,22.2931,91.9762,73.99,95,9,5.26,clear sky
235,Port Blair,IN,11.6667,92.75,82.44,78,40,5.75,mist
236,Iqaluit,CA,63.7506,-68.5145,26.33,86,75,23.02,broken clouds
237,Bam,IR,29.106,58.357,77.47,9,17,7.36,few clouds
238,Coahuayana,MX,18.7333,-103.6833,85.55,47,100,7.07,overcast clouds
239,Aguimes,ES,27.9054,-15.4461,65.03,73,75,17.27,broken clouds
240,Karasburg,NA,-28.0167,18.75,64.44,40,5,15.48,clear sky
241,Klaksvik,FO,62.2266,-6.589,45.52,98,100,17.07,overcast clouds
242,Mayo,US,38.8876,-76.5119,59.5,42,75,14.0,broken clouds
243,Shadegan,IR,30.6497,48.6647,76.95,11,100,7.49,overcast clouds
244,Port Dickson,MY,2.5228,101.7959,79.02,84,100,5.44,light rain
245,Kendallville,US,41.4414,-85.265,48.49,66,100,9.22,overcast clouds
246,Dingle,PH,10.9995,122.6711,75.78,86,100,7.0,overcast clouds
247,Marzuq,YE,14.4,46.4667,70.81,34,5,6.49,clear sky
248,Saint-Pierre,RE,-21.3393,55.4781,74.88,94,100,6.91,light rain
249,Geraldton,AU,-28.7667,114.6,72.01,88,75,14.97,broken clouds
250,Tetouan,MA,35.5711,-5.3724,56.17,62,75,23.02,broken clouds
251,Nola,IT,40.922,14.5329,51.66,80,95,3.04,overcast clouds
252,Saskylakh,RU,71.9167,114.0833,-6.97,98,100,9.48,overcast clouds
253,Shihezi,CN,44.3,86.0333,56.66,37,5,5.19,clear sky
254,Kota Kinabalu,MY,5.9749,116.0724,75.18,88,20,3.0,few clouds
255,Mount Gambier,AU,-37.8333,140.7667,46.31,100,46,4.61,mist
256,Luwuk,ID,-0.9516,122.7875,78.24,88,100,2.24,overcast clouds
257,Mehamn,NO,71.0357,27.8492,28.31,64,91,12.01,overcast clouds
258,Rapid City,US,44.0805,-103.231,56.41,25,0,33.38,clear sky
259,Yumen,CN,40.2833,97.2,47.41,22,5,12.53,clear sky
260,Mazagao,BR,-0.115,-51.2894,78.85,73,89,4.76,heavy intensity rain
261,Chapais,CA,49.7834,-74.8492,38.98,84,100,5.66,overcast clouds
262,Ushirombo,TZ,-3.4919,31.9639,67.86,79,63,2.35,broken clouds
263,Hammerfest,NO,70.6634,23.6821,25.25,74,40,9.22,scattered clouds
264,Gambo,CF,4.6482,22.2633,73.54,59,45,2.62,scattered clouds
265,Manta,EC,-0.95,-80.7333,80.38,78,40,4.61,scattered clouds
266,Kaseda,JP,31.4167,130.3167,52.07,62,0,5.73,clear sky
267,Huejuquilla El Alto,MX,22.6,-103.8667,85.32,8,43,12.57,scattered clouds
268,Ellisras,ZA,-23.6649,27.7443,71.08,70,100,6.29,overcast clouds
269,Kailua,US,21.4022,-157.7394,78.78,66,96,5.99,overcast clouds
270,Teguldet,RU,57.3064,88.1667,13.46,94,100,3.65,overcast clouds
271,Hvide Sande,DK,56.0045,8.1294,42.1,82,100,23.24,overcast clouds
272,Hadgaon,IN,19.5,77.6667,89.58,18,59,3.33,broken clouds
273,College,US,64.8569,-147.8028,19.08,65,75,3.44,broken clouds
274,Xiashi,CN,30.5363,120.6864,48.22,82,68,7.18,broken clouds
275,Uvinza,TZ,-5.1036,30.3911,67.01,93,79,2.73,broken clouds
276,Alugan,PH,12.2188,125.4808,78.69,86,80,11.95,broken clouds
277,Rio Grande,BR,-32.035,-52.0986,66.31,86,100,16.35,overcast clouds
278,Alofi,NU,-19.0595,-169.9187,75.09,94,100,3.44,overcast clouds
279,Victoria,HK,22.2855,114.1577,65.25,66,0,13.0,clear sky
280,Zhanaozen,KZ,43.3,52.8,56.41,59,51,9.33,broken clouds
281,Ostrovnoy,RU,68.0531,39.5131,17.06,91,100,6.6,overcast clouds
282,Richards Bay,ZA,-28.783,32.0377,74.7,89,94,10.13,overcast clouds
283,Salym,RU,60.0625,71.4789,31.26,96,100,15.01,snow
284,Arroyos Y Esteros,PY,-25.0667,-57.1,87.55,62,100,1.3,overcast clouds
285,Mbandaka,CD,0.0487,18.2603,74.82,78,93,1.25,overcast clouds
286,Codrington,AU,-38.2667,141.9667,58.42,86,100,5.26,overcast clouds
287,Yeppoon,AU,-23.1333,150.7333,69.58,74,49,9.55,scattered clouds
288,Riberalta,BO,-10.9833,-66.1,86.2,58,75,6.91,broken clouds
289,Isangel,VU,-19.55,169.2667,79.5,86,100,7.67,overcast clouds
290,Evensk,RU,61.95,159.2333,3.58,86,50,5.66,scattered clouds
291,Colac,AU,-38.3333,143.5833,55.83,90,55,5.73,broken clouds
292,Ola,RU,59.5833,151.2833,4.14,93,35,5.3,scattered clouds
293,Kama,RU,56.3051,54.0936,39.25,99,100,13.11,overcast clouds
294,Sitka,US,57.0531,-135.33,39.09,81,100,18.41,moderate rain
295,Hue,VN,16.4667,107.6,64.51,88,75,4.61,broken clouds
296,Cooma,AU,-36.2333,149.1333,53.37,87,100,5.75,moderate rain
297,Lyuban,BY,52.7985,28.0048,27.68,86,100,6.29,overcast clouds
298,Usinsk,RU,65.9939,57.5281,18.57,87,100,10.8,overcast clouds
299,Sompeta,IN,18.9333,84.6,78.1,88,14,12.68,few clouds
300,Ajdabiya,LY,30.7554,20.2263,79.16,14,0,7.94,clear sky
301,Bluefields,NI,12.0137,-83.7635,87.87,70,75,6.91,broken clouds
302,Portland,US,45.5234,-122.6762,54.61,69,100,9.22,overcast clouds
303,Canoinhas,BR,-26.1772,-50.39,69.91,79,100,1.72,overcast clouds
304,Beisfjord,NO,68.3751,17.5988,24.85,83,85,9.44,overcast clouds
305,Bani,DO,18.2833,-70.3333,85.44,60,18,13.38,few clouds
306,Sheltozero,RU,61.3667,35.3667,22.33,96,90,3.83,overcast clouds
307,Ankang,CN,32.68,109.0172,61.23,63,100,3.06,overcast clouds
308,Nayoro,JP,44.3506,142.4578,31.66,88,1,6.22,clear sky
309,Phan Thiet,VN,10.9333,108.1,76.96,73,89,7.45,overcast clouds
310,Wollongong,AU,-34.4333,150.8833,60.26,81,0,6.31,clear sky
311,Kemi,FI,65.8596,24.8228,17.37,86,20,3.44,few clouds
312,Corrientes,AR,-27.4806,-58.8341,76.96,83,100,3.44,overcast clouds
313,Dourbali,TD,11.8091,15.8632,92.08,8,100,6.51,overcast clouds
314,Arlit,NE,18.7369,7.3853,92.25,5,0,6.13,clear sky
315,Vila Franca Do Campo,PT,37.7167,-25.4333,61.21,73,12,15.57,few clouds
316,Villa Carlos Paz,AR,-31.4241,-64.4978,75.06,26,0,8.01,clear sky
317,Mayumba,GA,-3.432,10.6554,78.24,92,62,5.14,broken clouds
318,Alta Floresta,BR,-9.8756,-56.0861,80.42,83,40,6.91,light rain
319,Oranjemund,NA,-28.55,16.4333,60.22,92,0,4.29,clear sky
320,Ormara,PK,25.2088,64.6357,77.61,69,0,5.59,clear sky
321,Kochevo,RU,59.5994,54.3125,37.76,99,100,11.61,overcast clouds
322,Muhos,FI,64.808,25.9931,15.58,98,61,1.63,broken clouds
323,Cherskiy,RU,68.75,161.3,-4.18,99,100,3.38,overcast clouds
324,Sabha,LY,27.0377,14.4283,83.39,7,0,10.13,clear sky
325,Norsup,VU,-16.0667,167.3833,76.91,88,100,14.2,overcast clouds
326,Bathsheba,BB,13.2167,-59.5167,84.81,58,20,19.57,few clouds
327,Thinadhoo,MV,0.5333,72.9333,83.1,66,5,2.84,clear sky
328,Ahipara,NZ,-35.1667,173.1667,61.92,92,3,2.68,clear sky
329,San Carlos De Bariloche,AR,-41.1456,-71.3082,51.55,37,20,23.02,few clouds
330,Baiyin,CN,36.5583,104.2081,46.92,43,66,3.29,broken clouds
331,Manzini,SZ,-26.25,31.5,72.72,92,100,1.48,light rain
332,Egvekinot,RU,66.3167,-179.1667,-9.08,84,43,18.19,scattered clouds
333,Hay River,CA,60.8156,-115.7999,35.58,44,40,14.97,scattered clouds
334,Ruy Barbosa,BR,-12.2839,-40.4939,85.77,45,94,10.92,overcast clouds
335,Saint-Augustin,CA,51.226,-58.6502,36.45,95,59,17.78,broken clouds
336,Vologda,RU,59.2187,39.8886,18.3,90,21,6.8,few clouds
337,Farah,AF,32.5,62.5,67.98,9,0,1.86,clear sky
338,Bonavista,CA,48.6499,-53.1147,36.99,84,100,15.26,overcast clouds
339,Tyler,US,32.3513,-95.3011,81.63,43,40,14.97,scattered clouds
340,Dzaoudzi,YT,-12.7887,45.2699,82.29,78,100,8.05,overcast clouds
341,Tuatapere,NZ,-46.1333,167.6833,46.18,93,74,3.27,broken clouds
342,Whitehorse,CA,60.7161,-135.0538,37.09,59,75,15.01,shower rain
343,Lorengau,PG,-2.0226,147.2712,80.1,78,100,0.67,overcast clouds
344,Cabo San Lucas,MX,22.8909,-109.9124,77.61,56,0,10.36,clear sky
345,Port Lincoln,AU,-34.7333,135.8667,59.18,83,0,1.72,clear sky
346,Fare,PF,-16.7,-151.0167,81.73,76,62,10.02,broken clouds
347,Botro,CI,7.8525,-5.3106,83.97,57,100,3.6,overcast clouds
348,Yuksekova,TR,37.5736,44.2872,39.6,79,100,1.83,overcast clouds
349,Port Hawkesbury,CA,45.6169,-61.3485,45.91,70,0,10.36,clear sky
350,Srivardhan,IN,18.0333,73.0167,78.6,78,8,5.97,clear sky
351,North Platte,US,41.1239,-100.7654,62.49,19,0,25.01,clear sky
352,Bingol,TR,38.8847,40.4939,50.13,77,100,3.4,overcast clouds
353,Kajaani,FI,64.2273,27.7285,17.65,73,0,2.3,clear sky
354,Norman Wells,CA,65.282,-126.8329,-3.96,54,75,4.61,broken clouds
355,Lata,PT,40.1629,-8.3327,54.81,40,2,5.79,clear sky
356,San Patricio,US,28.017,-97.5169,87.17,42,0,13.22,clear sky
357,Ancud,CL,-41.8697,-73.8203,51.22,66,71,9.78,broken clouds
358,Key West,US,24.5557,-81.7826,87.8,66,20,10.36,few clouds
359,Dakar,SN,14.6937,-17.4441,68.88,77,75,16.11,broken clouds
360,Nurota,UZ,40.5614,65.6886,63.54,30,7,5.3,clear sky
361,Abha,SA,18.2164,42.5053,66.02,34,0,5.75,clear sky
362,Takoradi,GH,4.8845,-1.7554,82.54,83,100,12.26,light rain
363,Tautira,PF,-17.7333,-149.15,81.05,80,14,14.36,moderate rain
364,Cerrito,CO,6.8432,-72.694,62.69,77,100,1.88,overcast clouds
365,Kodiak,US,57.79,-152.4072,36.91,65,100,11.5,overcast clouds
366,Bubaque,GW,11.2833,-15.8333,74.77,73,65,21.3,broken clouds
367,Somerton,US,32.5964,-114.7097,82.0,34,0,9.22,clear sky
368,Terrace,CA,54.5163,-128.6035,39.11,93,100,20.71,light intensity shower rain
369,Bargarh,IN,21.3333,83.6167,84.02,14,6,5.7,clear sky
370,Valparaiso,CL,-33.0393,-71.6273,77.23,53,0,13.8,clear sky
371,Sambava,MG,-14.2667,50.1667,78.06,87,100,11.03,light rain
372,Jumla,NP,29.2747,82.1838,46.72,50,5,4.25,clear sky
373,Olafsvik,IS,64.8945,-23.7142,37.67,94,100,12.06,overcast clouds
374,Rocha,UY,-34.4833,-54.3333,75.52,58,93,11.41,overcast clouds
375,Eydhafushi,MV,5.1033,73.0708,83.01,68,0,3.22,clear sky
376,Moerai,PF,-22.4333,-151.3333,81.1,76,100,14.32,overcast clouds
377,Martapura,ID,-3.4167,114.85,75.29,100,20,3.44,few clouds
378,Saint-Prosper,CA,46.2117,-70.4811,42.71,78,100,4.94,overcast clouds
379,Cangzhou,CN,38.3167,116.8667,50.94,45,1,10.6,clear sky
380,Paita,PE,-5.0892,-81.1144,78.28,68,39,14.18,scattered clouds
381,Kirakira,SB,-10.4544,161.9205,80.22,84,100,9.57,overcast clouds
382,Aanekoski,FI,62.6946,25.818,27.68,84,100,2.24,overcast clouds
383,Galesong,ID,-5.3166,119.3661,75.22,83,73,3.33,broken clouds
384,Winneba,GH,5.3511,-0.6231,82.72,82,100,16.49,light rain
385,Paamiut,GL,61.994,-49.6678,35.94,80,75,10.45,broken clouds
386,Mogadishu,SO,2.0371,45.3438,81.84,78,38,13.6,scattered clouds
387,Faanui,PF,-16.4833,-151.75,81.52,76,98,9.82,overcast clouds
388,Zhengjiatun,CN,43.5064,123.5064,46.99,45,0,24.56,clear sky
389,Bijie,CN,27.3125,105.2942,49.66,67,100,3.74,overcast clouds
390,Zilair,RU,52.2332,57.4392,40.46,93,100,5.53,light rain
391,Zverinogolovskoye,RU,54.4586,64.8542,39.07,84,100,17.43,overcast clouds
392,Krasnoselkup,RU,65.7,82.4667,-1.95,100,96,5.3,overcast clouds
393,Misratah,LY,32.3754,15.0925,60.31,83,0,16.24,clear sky
394,Noumea,NC,-22.2763,166.4572,81.0,99,93,10.69,overcast clouds
395,Vestmannaeyjar,IS,63.4427,-20.2734,43.02,82,100,20.33,overcast clouds
396,Mokhotlong,LS,-29.2894,29.0675,51.49,81,72,3.15,broken clouds
397,Monrovia,LR,6.3005,-10.7969,82.17,83,99,8.7,overcast clouds
398,Urdoma,RU,61.7533,48.5442,24.82,95,100,8.55,light snow
399,Luancheng,CN,37.8792,114.6517,46.56,59,3,4.41,clear sky
400,Puerto Del Rosario,ES,28.5004,-13.8627,67.75,77,40,14.97,scattered clouds
401,Japura,ID,-0.3167,102.35,73.83,92,8,1.97,clear sky
402,Belmonte,BR,-15.8631,-38.8828,82.83,66,1,8.3,clear sky
403,Itarema,BR,-2.9248,-39.9167,80.96,84,16,11.99,moderate rain
404,Sao Joao Da Barra,BR,-21.6403,-41.0511,78.89,79,12,12.5,few clouds
405,Balancan,MX,17.8,-91.5333,95.02,41,100,2.89,overcast clouds
406,Tura,IN,25.5198,90.2201,70.47,91,9,5.41,moderate rain
407,Maham,IN,28.9833,76.3,78.73,5,5,4.36,clear sky
408,Leningradskiy,RU,69.3833,178.4167,-21.48,100,96,3.0,overcast clouds
409,Qasigiannguit,GL,68.8193,-51.1922,30.45,90,23,7.07,few clouds
410,San Pedro,PH,14.35,121.0167,79.27,76,20,4.61,few clouds
411,Urumqi,CN,43.801,87.6005,52.75,38,0,8.95,clear sky
412,Hofn,IS,64.2539,-15.2082,39.04,83,100,14.54,overcast clouds
413,Shima,CN,24.4478,117.8111,59.02,66,0,2.21,clear sky
414,San Policarpo,PH,12.1791,125.5072,79.14,85,83,12.71,broken clouds
415,Komsomolskiy,UZ,40.4272,71.7189,57.92,62,100,6.91,overcast clouds
416,Kavaratti,IN,10.5669,72.642,82.45,72,72,6.91,broken clouds
417,Atambua,ID,-9.1061,124.8925,71.22,86,27,2.46,scattered clouds
418,Tarko-Sale,RU,64.9225,77.785,5.22,95,100,8.61,overcast clouds
419,Jacareacanga,BR,-6.2222,-57.7528,79.47,95,100,2.48,overcast clouds
420,Amapa,BR,1.0,-52.0,78.46,96,100,2.39,light rain
421,Kiruna,SE,67.8557,20.2251,11.32,85,87,5.75,overcast clouds
422,Canyon,US,34.9803,-101.9188,83.25,20,90,14.23,overcast clouds
423,Constitucion,CL,-35.3333,-72.4167,63.1,42,0,20.87,clear sky
424,Eureka,US,40.8021,-124.1637,57.2,73,100,7.0,overcast clouds
425,Kamenka,RU,51.3223,42.7678,41.27,85,100,6.78,overcast clouds
426,Ambon,ID,-3.6954,128.1814,80.56,72,100,4.81,overcast clouds
427,La Plaine,DM,15.3333,-61.25,84.49,51,20,13.8,few clouds
428,Vestmanna,FO,62.1564,-7.1664,43.72,100,100,20.71,drizzle
429,Mehriz,IR,31.5917,54.4318,70.3,13,1,0.87,clear sky
430,Esperance,AU,-33.8667,121.9,64.24,90,100,7.58,light rain
431,Weiden,DE,49.6775,12.1567,30.42,68,100,0.0,overcast clouds
432,Redlands,US,34.0556,-117.1825,76.42,71,100,3.44,haze
433,Sayat,TM,38.7839,63.8803,67.87,23,0,9.73,clear sky
434,Marquette,US,46.5333,-87.6335,40.44,81,100,2.39,overcast clouds
435,Oksfjord,NO,70.2396,22.3479,28.58,90,82,7.18,broken clouds
436,Atar,MR,20.5169,-13.0499,82.22,12,0,13.71,clear sky
437,Warmbad,NA,-28.45,18.7333,65.98,46,0,15.55,clear sky
438,Port Hardy,CA,50.6996,-127.4199,42.98,87,100,3.44,light intensity shower rain
439,Arcachon,FR,44.5875,-1.0519,44.92,52,0,5.75,clear sky
440,El Prat De Llobregat,ES,41.3278,2.0947,47.1,72,75,9.22,broken clouds
441,Benghazi,LY,32.1167,20.0667,65.86,61,0,18.1,clear sky
442,Slobodskoy,RU,58.7322,50.1772,32.72,98,100,8.41,light snow
443,Pacific Grove,US,36.6177,-121.9166,64.38,79,20,12.66,few clouds
444,Matay,EG,28.419,30.7792,76.66,17,30,17.69,scattered clouds
445,Nove Hrady,CZ,48.7896,14.7784,29.55,87,100,3.47,overcast clouds
446,Maniitsoq,GL,65.4167,-52.9,34.7,85,5,4.07,clear sky
447,Claudio,BR,-20.4433,-44.7658,75.4,77,16,3.02,few clouds
448,Khorinsk,RU,52.1657,109.7726,23.02,77,100,2.3,overcast clouds
449,Yining,CN,29.0361,114.5636,53.46,82,100,2.46,overcast clouds
450,Ternate,ID,0.8,127.4,79.81,79,98,3.11,overcast clouds
451,Palu,ID,-0.8917,119.8707,75.04,95,100,2.08,overcast clouds
452,Dunn,US,44.95,-91.8835,46.96,49,100,3.44,overcast clouds
453,Timbiqui,CO,2.7717,-77.6654,83.3,78,100,6.6,moderate rain
454,Ust-Kulom,RU,61.6864,53.6902,29.46,98,100,5.17,snow
455,Turukhansk,RU,65.8167,87.9833,-3.78,100,23,4.56,few clouds
456,Labuhan,ID,-6.8844,112.2051,75.63,91,100,12.33,overcast clouds
457,Gobabis,NA,-22.45,18.9667,70.57,53,96,10.16,overcast clouds
458,Svarychiv,UA,48.9622,24.1966,28.81,88,100,8.34,overcast clouds
459,Ballina,AU,-28.8667,153.5667,64.78,96,100,6.91,light rain
460,Saint Anthony,US,45.0205,-93.218,44.24,58,100,8.05,snow
461,Blagoyevo,RU,63.3667,47.9167,24.64,95,100,7.78,light snow
462,Kandrian,PG,-6.2167,149.55,75.74,89,100,3.96,overcast clouds
463,Natal,BR,-5.795,-35.2094,79.45,100,75,11.5,moderate rain
464,Lompoc,US,34.6391,-120.4579,66.69,78,100,5.01,overcast clouds
465,Dunedin,NZ,-45.8742,170.5036,55.8,76,100,3.0,overcast clouds
466,Cairns,AU,-16.9167,145.7667,76.06,97,99,0.0,overcast clouds
467,Bad Kissingen,DE,50.2,10.0833,32.76,91,24,3.38,few clouds
468,Thiruvananthapuram,IN,8.4833,76.9167,84.18,79,40,0.0,mist
469,Nechi,CO,8.0942,-74.7757,87.1,74,100,1.23,overcast clouds
470,Hovd,MN,48.0056,91.6419,41.61,34,100,6.24,overcast clouds
471,Salinopolis,BR,-0.6136,-47.3561,82.47,76,69,10.09,moderate rain
472,Sal Rei,CV,16.1833,-22.9167,73.6,60,20,11.5,few clouds
473,Buarcos,PT,40.166,-8.8768,56.66,59,31,17.45,scattered clouds
474,Longyearbyen,SJ,78.2186,15.6401,6.64,56,20,18.41,few clouds
475,Deputatskiy,RU,69.3,139.9,-19.5,99,83,2.46,broken clouds
476,Victor Harbor,AU,-35.5667,138.6167,56.46,88,27,2.98,scattered clouds
477,Havelock,US,34.8791,-76.9013,76.95,34,0,16.11,clear sky
478,Manama,BH,26.2154,50.5832,77.34,43,0,5.75,clear sky
479,Cananeia,BR,-25.0147,-47.9267,75.38,82,90,3.02,overcast clouds
480,High Rock,BS,26.6208,-78.2833,78.82,71,95,12.66,overcast clouds
481,Kijang,KR,35.2442,129.2139,44.33,64,0,4.45,clear sky
482,Arkhangelsk,RU,64.5401,40.5433,17.71,62,40,0.0,scattered clouds
483,Menongue,AO,-14.6585,17.691,63.32,97,72,4.63,light rain
484,Grand Gaube,MU,-20.0064,57.6608,79.38,82,20,7.0,few clouds
485,Puerto Escondido,MX,15.85,-97.0667,85.03,74,0,9.22,clear sky
486,Luena,AO,-11.7833,19.9167,64.0,94,90,4.12,light rain
487,Miri,MY,4.4148,114.0089,75.34,100,20,2.3,few clouds
488,Naranjal,EC,-2.6667,-79.6167,84.58,78,80,3.94,light rain
489,Lakes Entrance,AU,-37.8811,147.981,57.16,92,100,21.56,light rain
490,Boguchany,RU,58.3814,97.4531,4.17,99,68,2.48,broken clouds
491,Loralai,PK,30.3705,68.598,67.33,8,100,7.58,overcast clouds
492,Paragominas,BR,-2.9667,-47.4833,81.23,91,97,3.8,overcast clouds
493,Asfi,MA,32.2994,-9.2372,60.53,76,47,10.92,scattered clouds
494,Kuching,MY,1.55,110.3333,75.42,100,40,2.3,scattered clouds
495,Nordhausen,DE,51.5167,10.8,36.16,85,78,6.89,broken clouds
496,Zhigansk,RU,66.7697,123.3711,3.63,99,99,8.66,overcast clouds
497,Farkhor,TJ,37.4922,69.4036,59.83,37,0,7.07,clear sky
498,Peace River,CA,56.2501,-117.286,48.51,46,20,8.05,few clouds
499,Tecoanapa,MX,16.5167,-98.75,83.82,52,74,10.98,broken clouds
500,Quang Ngai,VN,15.1167,108.8,66.7,93,100,8.95,overcast clouds
501,Half Moon Bay,US,37.4636,-122.4286,76.62,61,0,20.71,mist
502,Palembang,ID,-2.9167,104.7458,77.09,88,75,14.97,broken clouds
503,Ituiutaba,BR,-18.9689,-49.465,85.82,51,73,7.85,broken clouds
504,Agogo,GH,6.8,-1.0819,77.05,73,92,4.68,light rain
505,Banda Aceh,ID,5.5577,95.3222,77.43,84,100,8.28,overcast clouds
506,Grand-Santi,GF,4.25,-54.3833,80.15,92,100,3.53,light rain
507,Kruisfontein,ZA,-34.0033,24.7314,61.88,84,81,0.43,broken clouds
508,Huadian,CN,42.9633,126.7478,42.31,56,0,6.31,clear sky
509,Ridgecrest,US,35.6225,-117.6709,76.86,16,0,0.0,clear sky
510,Arambagh,IN,22.8833,87.7833,81.77,76,93,17.72,overcast clouds
511,Pontianak,ID,-0.0333,109.3333,76.98,94,75,2.3,broken clouds
512,Sampit,ID,-2.5333,112.95,73.78,98,67,1.19,light rain
513,Mopti,ML,14.6667,-4.0,96.93,7,62,6.69,broken clouds
514,La Rioja,ES,42.25,-2.5,31.78,85,20,5.5,few clouds
515,Buala,SB,-8.145,159.5921,77.68,83,100,3.51,overcast clouds
516,Bati,ET,11.1833,40.0167,69.85,37,5,2.28,clear sky
517,Gamba,GA,-2.65,10.0,78.12,92,100,4.94,overcast clouds
518,Careiro Da Varzea,BR,-3.2003,-59.8119,86.63,88,99,4.85,heavy intensity rain
519,Rabo De Peixe,PT,37.8,-25.5833,60.31,72,20,13.8,few clouds
520,Gravdal,NO,68.1214,13.5031,31.23,79,90,13.62,light snow
521,Riviere-Au-Renard,CA,48.9957,-64.3971,39.49,81,18,21.25,few clouds
522,Homer,US,59.6425,-151.5483,37.78,78,40,5.75,scattered clouds
523,Vaitape,PF,-16.5167,-151.75,81.52,76,96,9.71,overcast clouds
524,Viedma,AR,-40.8135,-62.9967,52.54,63,100,17.81,overcast clouds
525,Bamberg,DE,49.8795,10.8863,33.91,83,34,2.51,scattered clouds
526,Kedzierzyn-Kozle,PL,50.3498,18.2261,34.32,80,57,5.3,broken clouds
527,Waitati,NZ,-45.75,170.5667,55.8,76,100,2.66,overcast clouds
528,Hambantota,LK,6.1241,81.1185,79.3,81,9,2.91,clear sky
529,Laguna,US,38.421,-121.4238,78.3,25,0,9.22,clear sky
530,Port Shepstone,ZA,-30.7414,30.455,73.65,88,38,6.51,scattered clouds
531,Coihaique,CL,-45.5752,-72.0662,53.55,58,75,8.05,light intensity shower rain
532,Shahreza,IR,32.0339,51.8794,65.98,17,94,3.4,overcast clouds
533,Thionville,FR,49.3333,6.3333,39.09,59,64,3.65,broken clouds
534,Salalah,OM,17.0151,54.0924,80.69,83,0,0.0,clear sky
535,De-Kastri,RU,51.4667,140.7833,32.09,88,77,7.02,broken clouds
536,Havoysund,NO,70.9963,24.6622,26.83,56,100,15.46,overcast clouds
537,Mackay,AU,-21.15,149.2,75.69,94,75,5.75,light intensity shower rain
538,Dhekiajuli,IN,26.7,92.5,70.68,91,98,8.75,overcast clouds
539,Methoni,GR,36.8197,21.7049,51.66,66,16,11.05,few clouds
540,Sao Bento Do Sul,BR,-26.2503,-49.3786,66.24,97,99,3.6,overcast clouds
541,Balgazyn,RU,51.0,95.2,32.41,80,100,5.35,overcast clouds
542,Ler,SS,8.3018,30.1418,89.83,37,98,2.98,overcast clouds
543,Ewo,CG,-0.8725,14.8206,77.27,77,55,1.54,light rain
544,Pervoavgustovskiy,RU,52.2264,35.0552,31.12,97,100,9.19,light snow
545,Utica,US,43.1009,-75.2327,41.63,95,100,0.43,light rain
546,Mokhsogollokh,RU,61.4681,128.9203,6.57,99,100,1.97,overcast clouds
547,Esmeraldas,BR,-19.7625,-44.3139,82.51,55,24,2.98,few clouds
548,Ibra,OM,22.6906,58.5334,77.25,38,5,2.08,clear sky
549,Santa Maria,BR,-29.6842,-53.8069,63.7,94,100,9.22,moderate rain
550,Vizinga,RU,61.0749,50.1031,26.29,97,100,7.36,light snow
551,Barra Do Corda,BR,-5.5,-45.25,84.65,79,90,4.18,light rain
552,Mansehra,PK,34.3333,73.2,62.33,28,0,6.62,clear sky
553,Belize,BZ,17.25,-88.75,93.52,37,21,6.02,few clouds
554,Keuruu,FI,62.2667,24.7,28.58,94,100,2.73,overcast clouds
555,Mocajuba,BR,-2.5842,-49.5072,81.0,93,98,2.28,overcast clouds
556,Pitkyaranta,RU,61.5734,31.4792,18.3,96,66,3.85,broken clouds
557,Lundazi,ZM,-12.2929,33.1782,66.81,96,100,4.88,light rain
558,Manggar,ID,-2.8833,108.2667,77.94,84,38,4.29,scattered clouds
559,Coffs Harbour,AU,-30.3,153.1333,65.14,88,100,6.29,moderate rain
560,Sturgeon Bay,US,44.8342,-87.377,42.76,70,100,4.61,overcast clouds
561,Sorong,ID,-0.8833,131.25,78.4,87,100,7.05,overcast clouds
562,Otukpo,NG,7.1913,8.1329,89.76,32,100,3.76,overcast clouds
563,Mana,GF,5.6592,-53.7767,81.01,80,48,10.69,scattered clouds
564,Maceio,BR,-9.6658,-35.7353,83.64,69,75,12.66,broken clouds
565,Ust-Nera,RU,64.5667,143.2,-10.25,98,64,2.15,broken clouds
566,Kamaishi,JP,39.2667,141.8833,44.58,92,100,4.32,light rain
567,Hobyo,SO,5.3505,48.5268,81.88,74,10,9.28,clear sky
568,Santa Marinella,IT,42.0345,11.8536,51.71,85,30,6.58,scattered clouds
569,Anadyr,RU,64.75,177.4833,-8.9,77,0,4.47,clear sky
570,Padang,ID,-0.9492,100.3543,76.17,86,33,4.29,scattered clouds
571,Pilar,BR,-9.5972,-35.9567,82.33,73,91,8.66,overcast clouds
572,Nuuk,GL,64.1835,-51.7216,36.21,87,20,11.5,few clouds
573,Kalangala,UG,-0.3089,32.225,74.55,63,21,7.78,few clouds
574,Vidim,RU,56.4088,103.1106,10.2,96,67,1.72,broken clouds
575,Yar-Sale,RU,66.8333,70.8333,5.92,93,100,8.77,overcast clouds
576,Abu Kamal,SY,34.4506,40.9171,73.99,22,69,9.24,broken clouds
577,Kemijarvi,FI,66.7131,27.4306,16.74,95,88,2.01,overcast clouds
578,Awjilah,LY,29.1081,21.2869,80.69,12,6,10.89,clear sky
579,Tezu,IN,27.9167,96.1667,66.13,98,100,4.63,light rain
580,San Quintin,MX,30.4833,-115.95,62.78,60,58,9.15,broken clouds
581,Bairiki,KI,1.3292,172.9752,80.6,78,40,6.91,scattered clouds
582,Inhambane,MZ,-23.865,35.3833,78.13,70,10,12.3,clear sky
583,Verkhoyansk,RU,67.5447,133.385,-8.09,100,97,2.19,overcast clouds
584,Tessalit,ML,20.1986,1.0114,92.53,8,0,5.46,clear sky
585,Kendari,ID,-3.945,122.4989,74.14,94,69,3.96,broken clouds
586,Trapani,IT,37.8333,12.6667,51.28,87,20,3.44,few clouds
587,Aykino,RU,62.2248,49.9922,23.85,96,100,8.55,light snow
588,Aksarka,RU,66.5606,67.7975,11.41,86,100,9.57,overcast clouds
589,Filadelfia,US,39.9523,-75.1638,53.28,80,75,13.8,broken clouds
590,Filingue,NE,14.3521,3.3168,92.26,5,100,5.99,overcast clouds
591,Payakumbuh,ID,-0.2202,100.6308,68.54,97,96,3.22,moderate rain
592,Olavarria,AR,-36.8927,-60.3225,65.01,55,53,14.36,broken clouds
593,Hualmay,PE,-11.0964,-77.6139,74.28,73,15,10.76,few clouds
594,Tavistock,GB,50.5494,-4.1442,44.64,65,54,5.37,broken clouds
595,Baytown,US,29.7355,-94.9774,83.1,48,0,1.99,clear sky
596,Souillac,MU,-20.5167,57.5167,79.18,83,75,11.5,broken clouds
597,Nishihara,JP,26.1842,127.7558,63.68,80,40,12.66,scattered clouds
598,Pedernales,DO,18.0384,-71.744,83.44,64,15,4.56,few clouds
599,Kholtoson,RU,50.2981,103.3097,35.76,64,100,10.09,overcast clouds
600,Bitlis,TR,38.5,42.25,38.79,77,14,7.67,few clouds
601,Maxixe,MZ,-23.8597,35.3472,77.41,70,11,11.16,few clouds
602,Miles City,US,46.4083,-105.8406,52.77,50,40,20.71,scattered clouds
603,Biltine,TD,14.5333,20.9167,89.78,9,75,10.33,broken clouds
604,Saravan,AM,39.7196,45.6483,45.77,49,40,2.93,scattered clouds
605,Chabahar,IR,25.2919,60.643,78.46,61,3,0.51,clear sky
606,Morondava,MG,-20.2833,44.2833,81.66,69,18,10.2,few clouds
607,Pahrump,US,36.2083,-115.9839,77.45,17,100,1.99,overcast clouds
608,Sinnamary,GF,5.3833,-52.95,80.04,86,47,11.39,light rain
609,Polunochnoye,RU,60.8697,60.4153,28.18,99,100,1.61,light snow
610,Akonolinga,CM,3.7667,12.25,71.92,80,100,4.09,overcast clouds
611,Saint Helens,GB,53.45,-2.7333,46.72,70,0,10.36,clear sky
612,Moree,AU,-29.4667,149.85,60.82,94,100,8.05,overcast clouds
613,Krasnoborsk,RU,61.5598,45.934,23.83,95,99,8.19,overcast clouds
614,Marathon,US,44.9,-89.7668,45.93,53,100,4.61,overcast clouds
615,Pendleton,US,45.6721,-118.7886,56.95,50,20,4.61,few clouds
616,Noyabrsk,RU,63.1994,75.4507,17.89,88,100,16.2,overcast clouds
617,Jerome,US,42.7241,-114.5186,56.68,24,0,3.44,clear sky
618,Monte Azul,BR,-15.155,-42.8747,90.25,26,4,10.25,clear sky
619,Denpasar,ID,-8.65,115.2167,78.46,94,40,1.14,scattered clouds
620,Reyes,BO,-14.3167,-67.3833,87.94,44,0,3.94,clear sky
621,Teruel,ES,40.6667,-0.6667,26.67,53,8,8.28,clear sky
622,Comodoro Rivadavia,AR,-45.8667,-67.5,66.06,24,0,21.85,clear sky
623,Guerrero,MX,17.6667,-100.0,91.42,20,9,3.94,clear sky
624,Ranau,MY,5.9538,116.6641,68.34,96,53,1.32,broken clouds
625,Angoche,MZ,-16.2325,39.9086,78.48,77,0,5.73,clear sky
626,Lumajang,ID,-8.1335,113.2248,73.94,92,14,1.7,few clouds
627,Aklavik,CA,68.2191,-135.0107,-9.4,59,40,9.22,scattered clouds
628,Mapastepec,MX,15.4333,-92.9,94.28,44,37,12.28,scattered clouds
629,Kaeo,NZ,-35.1,173.7833,65.32,91,18,1.34,few clouds
630,Lalin,ES,42.7167,-8.1167,41.05,70,3,10.85,clear sky
631,Aleksandrov Gay,RU,50.147,48.5704,54.91,61,100,11.88,overcast clouds
632,Conde,BR,-7.2597,-34.9075,78.26,89,100,6.91,light intensity shower rain
633,Kropotkin,RU,45.4375,40.5756,50.76,80,100,15.57,moderate rain
634,Lynn Haven,US,30.2455,-85.6483,80.98,41,0,10.36,clear sky
635,Catuday,PH,16.2923,119.8062,77.94,73,40,9.24,scattered clouds
636,Goundam,ML,16.4145,-3.6708,91.44,9,54,4.38,broken clouds
637,Vostok,RU,46.4856,135.8833,27.77,82,0,7.05,clear sky
638,Hit,IQ,33.6416,42.8251,79.02,15,77,13.6,broken clouds
639,Myitkyina,MM,25.3833,97.4,66.13,87,66,1.32,broken clouds
640,Vanimo,PG,-2.6741,141.3028,77.86,87,100,2.35,overcast clouds
641,Plettenberg Bay,ZA,-34.0527,23.3716,61.59,88,100,1.03,overcast clouds
642,Nhulunbuy,AU,-12.2333,136.7667,75.81,88,92,0.0,overcast clouds
643,Macusani,PE,-14.0833,-70.4333,45.09,75,73,11.12,broken clouds
644,Sobolevo,RU,54.4299,31.8996,27.57,86,100,8.55,overcast clouds
645,Piacabucu,BR,-10.4056,-36.4344,82.58,68,16,10.16,few clouds
646,Talcahuano,CL,-36.7167,-73.1167,62.28,51,0,19.57,clear sky
647,Sao Gabriel Da Cachoeira,BR,-0.1303,-67.0892,84.92,68,70,2.55,broken clouds
648,Santa Cruz,BO,-17.8,-63.1667,86.05,48,20,23.02,few clouds
649,Lasa,IT,46.6166,10.7002,37.36,96,100,2.21,light snow
650,Ponta Delgada,PT,37.7333,-25.6667,61.52,72,20,13.8,few clouds
651,Huarmey,PE,-10.0681,-78.1522,75.31,73,19,11.97,few clouds
652,Kieta,PG,-6.2167,155.6333,78.62,83,100,1.7,light rain
653,Svetlyy,RU,54.675,20.1347,34.97,73,54,8.66,broken clouds
654,Lampa,CL,-33.2833,-70.9,78.08,33,0,10.36,clear sky
655,Mossendjo,CG,-2.9506,12.7261,72.55,90,55,2.48,light rain
656,Cabinda,AO,-5.55,12.2,78.96,89,97,8.3,overcast clouds
657,Chanika,TZ,-5.4167,38.0167,72.57,78,100,6.58,overcast clouds
658,Brindisi,IT,40.5833,17.6667,54.18,76,85,2.86,overcast clouds
659,Sines,PT,37.9562,-8.8698,58.28,33,45,5.99,scattered clouds
660,Sun City West,US,33.662,-112.3413,82.17,23,0,6.91,clear sky
661,Northam,GB,51.0333,-4.2167,44.62,72,34,9.35,scattered clouds
662,Ubinskoye,RU,55.3068,79.6802,32.88,100,100,5.86,overcast clouds
663,Ekhabi,RU,53.5102,142.9671,31.39,84,95,11.07,overcast clouds
664,Benguela,AO,-12.5763,13.4055,77.32,82,86,5.1,overcast clouds
665,Bodden Town,KY,19.2833,-81.25,86.0,74,20,11.5,few clouds
666,Wajima,JP,37.4,136.9,46.2,80,8,10.65,clear sky
667,Pailon,BO,-17.65,-62.75,87.48,43,0,14.5,clear sky
668,Labytnangi,RU,66.6572,66.4183,9.39,93,100,8.68,overcast clouds
669,Hawkesbury,CA,45.6001,-74.616,41.29,86,100,8.28,overcast clouds
670,West Richland,US,46.3043,-119.3614,58.23,52,100,13.0,overcast clouds
671,Skibbereen,IE,51.55,-9.2667,49.1,73,99,14.99,overcast clouds
672,Hirara,JP,24.8,125.2833,69.08,70,91,25.68,overcast clouds
673,Madisonville,US,37.3281,-87.4989,63.21,33,6,1.01,clear sky
674,Saint George,US,37.1041,-113.5841,73.63,21,0,5.01,clear sky
675,Razole,IN,16.4833,81.8333,77.11,93,10,3.96,clear sky
676,Amahai,ID,-3.3333,128.9167,78.44,81,100,1.32,overcast clouds
677,Shenjiamen,CN,29.9576,122.298,50.45,63,15,6.71,few clouds
678,Oshnaviyeh,IR,37.0397,45.0983,55.89,45,89,7.36,overcast clouds
679,Lebyazhye,RU,55.2689,66.4947,40.69,78,100,17.4,overcast clouds
680,Klenovyy,UA,48.1193,39.4588,46.63,81,100,18.37,overcast clouds
681,San Luis,AR,-33.295,-66.3356,65.62,27,0,18.61,clear sky
682,Skagen,DK,57.7209,10.5839,41.83,89,100,28.14,overcast clouds
683,Kapuskasing,CA,49.4169,-82.4331,42.89,60,75,9.22,broken clouds
684,Beihai,CN,21.4833,109.1,66.22,59,0,4.76,clear sky
685,Karratha,AU,-20.7377,116.8463,81.16,71,0,10.74,clear sky
686,Mabaruma,GY,8.2,-59.7833,83.03,63,100,7.99,overcast clouds
687,Touros,BR,-5.1989,-35.4608,80.55,81,98,12.53,overcast clouds
688,Ketchikan,US,55.3422,-131.6461,44.58,75,100,17.27,light rain
689,Vrangel,RU,42.7297,133.0839,38.08,93,1,2.59,clear sky
690,Charyshskoye,RU,51.3978,83.5598,38.07,82,84,5.68,broken clouds
691,Tabou,CI,4.423,-7.3528,80.87,80,100,9.78,light rain
692,Manga,BF,11.6636,-1.0731,89.42,41,100,12.62,light rain
693,Manokwari,ID,-0.8667,134.0833,77.97,79,100,4.5,overcast clouds
694,Araripina,BR,-7.5761,-40.4983,85.8,39,100,9.1,overcast clouds
695,Adrar,MR,20.5022,-10.0711,85.69,10,0,10.4,clear sky
696,Hindaun,IN,26.7167,77.0167,82.44,7,0,4.32,clear sky
697,Antoniny,UA,49.8097,26.8771,30.04,86,100,12.24,overcast clouds
698,Smidovich,RU,48.6,133.8167,35.22,78,52,12.21,broken clouds
699,Abu Samrah,SY,35.3029,37.1841,61.27,44,97,8.01,overcast clouds
700,Corn Island,NI,12.1694,-83.0418,81.21,74,38,13.98,scattered clouds
701,Novyy Urengoy,RU,66.0833,76.6333,-3.51,100,100,6.44,overcast clouds
702,Gayeri,BF,12.6497,0.4931,96.31,22,100,5.41,overcast clouds
703,Beyla,GN,8.6833,-8.6333,69.22,92,100,8.37,heavy intensity rain
704,Ambulu,ID,-8.345,113.6058,74.73,92,6,3.49,clear sky
705,Wanxian,CN,30.8039,108.3897,64.2,64,100,4.36,light rain
706,Mattru,SL,7.6244,-11.8332,80.67,74,99,6.67,light rain
707,Kasongo-Lunda,CD,-6.4667,16.8167,72.5,85,25,0.72,scattered clouds
708,Taksimo,RU,56.3444,114.8794,6.03,83,90,4.63,overcast clouds
